Time,HeartRate,RespirationRate,CoreTemperature,SkinTemperatureTorso,SkinTemperatureHead,SkinTemperatureLeftArm,SkinTemperatureRightArm,SkinTemperatureLeftLeg,SkinTemperatureRightLeg,BurnSkinTemperature,BloodVolumeLost,BloodPoolSize,LeftLungDisplacementMin,LeftLungDisplacementMax,RightLungDisplacementMin,RightLungDisplacementMax,severe_hemorrhage,respiratory_distress,trauma_head,trauma_torso,trauma_upper_ext,trauma_lower_ext,alertness_verbal,alertness_motor,alertness_ocular,GoldenWindow
0.02,71.48,14.63,36.9,35.0,34.6,34.6,34.6,34.9,34.9,34.4,0,0.0,0.0,0.49,0.0,0.495327103,absent,present,normal,normal,normal,normal,absent,absent,open,TRUE
15.02,73.12,14.63,36.9,35.0,34.6,34.7,34.7,34.9,34.9,34.4,0,0.0,0.0,0.49,0.0,0.495327103,absent,present,normal,normal,normal,normal,absent,absent,open,TRUE
30.02,76.83,14.56,36.9,35.0,34.6,34.7,34.7,34.9,34.9,34.4,0,0.0,0.01,0.49,0.0,0.495327103,absent,present,normal,normal,normal,normal,absent,absent,open,TRUE
45.02,82.75,14.35,36.9,35.0,34.6,34.7,34.7,34.9,34.9,34.4,0,0.0,0.01,0.48,0.0,0.485981308,absent,present,normal,normal,normal,normal,absent,absent,open,TRUE
60.02,83.24,14.15,36.9,35.0,34.6,34.7,34.7,34.9,34.9,34.4,0,0.0,0.01,0.47,0.0,0.476635514,absent,present,normal,normal,normal,normal,absent,absent,open,TRUE
75.02,84.54,13.95,36.9,35.0,34.6,34.7,34.7,34.9,34.9,34.4,0,0.0,0.03,0.47,0.0,0.46728972,absent,present,normal,normal,normal,normal,absent,absent,open,TRUE
90.02,85.54,13.82,36.8,35.0,34.6,34.6,34.6,34.9,34.9,34.4,0,0.0,0.08,0.47,0.0,0.46728972,absent,present,normal,normal,normal,normal,absent,absent,open,TRUE
105.02,86.14,13.76,36.8,35.0,34.6,34.6,34.6,34.9,34.9,34.4,0,0.0,0.11,0.47,0.0,0.46728972,absent,present,normal,normal,normal,normal,absent,absent,open,TRUE
120.02,86.92,13.76,36.8,35.0,34.6,34.6,34.6,34.9,34.9,34.4,0,0.0,0.14,0.48,0.0,0.476635514,absent,present,normal,normal,normal,normal,absent,absent,open,TRUE
135.02,87.1,13.95,36.8,35.0,34.6,34.6,34.6,34.9,34.9,34.4,0,0.0,0.17,0.49,0.0,0.495327103,absent,present,normal,normal,normal,normal,absent,absent,open,TRUE
150.02,87.48,14.29,36.8,35.0,34.6,34.6,34.6,34.8,34.8,34.4,0,0.0,0.2,0.5,0.0,0.504672897,absent,present,normal,normal,normal,normal,absent,absent,open,TRUE
165.02,87.98,14.56,36.8,35.0,34.5,34.6,34.6,34.8,34.8,34.4,0,0.0,0.23,0.52,0.0,0.514018692,absent,present,normal,normal,normal,normal,absent,absent,open,TRUE
180.02,88.71,14.85,36.8,35.0,34.5,34.5,34.5,34.8,34.8,34.4,0,0.0,0.26,0.54,0.0,0.53271028,absent,present,normal,normal,normal,normal,absent,absent,open,TRUE
195.02,89.76,15.15,36.8,35.0,34.5,34.5,34.5,34.8,34.8,34.4,0,0.0,0.28,0.54,0.0,0.542056075,absent,present,normal,normal,normal,normal,absent,absent,open,TRUE
210.02,90.04,15.46,36.8,34.9,34.5,34.5,34.5,34.8,34.8,34.4,0,0.0,0.31,0.56,0.0,0.551401869,absent,present,normal,normal,normal,normal,absent,absent,open,TRUE
225.02,90.39,15.71,36.8,34.9,34.5,34.5,34.5,34.7,34.7,34.4,0,0.0,0.34,0.57,0.0,0.570093458,absent,present,normal,normal,normal,normal,absent,absent,open,TRUE
240.02,90.73,15.87,36.8,34.9,34.4,34.5,34.5,34.7,34.7,34.4,0,0.0,0.35,0.57,0.0,0.570093458,absent,present,normal,normal,normal,normal,absent,absent,open,TRUE
255.02,90.91,16.04,36.8,34.9,34.4,34.4,34.4,34.7,34.7,34.4,0,0.0,0.37,0.58,0.0,0.588785047,absent,present,normal,normal,normal,normal,absent,absent,open,TRUE
270.02,92.39,16.22,36.8,34.9,34.4,34.4,34.4,34.7,34.7,34.4,0,0.0,0.41,0.59,0.0,0.588785047,absent,present,normal,normal,normal,normal,absent,absent,open,TRUE
285.02,92.47,16.48,36.8,34.9,34.4,34.4,34.4,34.7,34.7,34.4,0,0.0,0.44,0.61,0.0,0.607476636,absent,present,normal,normal,normal,normal,absent,absent,open,TRUE
300.02,92.93,16.67,36.8,34.8,34.4,34.4,34.4,34.6,34.6,34.4,0,0.0,0.45,0.62,0.0,0.61682243,absent,present,normal,normal,normal,normal,absent,absent,open,TRUE
315.02,93.2,16.85,36.8,34.8,34.4,34.4,34.4,34.6,34.6,34.4,0,0.0,0.48,0.63,0.0,0.626168224,absent,present,normal,normal,normal,normal,absent,absent,open,TRUE
330.02,93.61,17.14,36.8,34.8,34.3,34.4,34.4,34.6,34.6,34.4,0,0.0,0.51,0.64,0.0,0.644859813,absent,present,normal,normal,normal,normal,absent,absent,open,TRUE
345.02,94.57,17.44,36.8,34.8,34.3,34.3,34.3,34.6,34.6,34.4,10,0.002,0.54,0.66,0.0,0.663551402,absent,present,normal,normal,normal,normal,absent,absent,open,TRUE
360.02,95.37,17.75,36.8,34.8,34.3,34.3,34.3,34.6,34.6,34.4,10,0.002,0.58,0.67,0.0,0.672897196,absent,present,normal,normal,normal,normal,absent,absent,open,TRUE
375.02,96.14,18.29,36.8,34.7,34.3,34.3,34.3,34.6,34.6,34.4,10,0.002,0.6,0.69,0.0,0.691588785,absent,present,normal,normal,normal,normal,absent,absent,open,TRUE
390.02,97.18,18.87,36.8,34.7,34.3,34.3,34.3,34.5,34.5,34.4,10,0.002,0.62,0.71,0.0,0.719626168,absent,present,normal,normal,normal,normal,absent,absent,open,TRUE
405.02,99.53,19.48,36.8,34.7,34.2,34.3,34.3,34.5,34.5,34.4,10,0.002,0.64,0.74,0.0,0.738317757,absent,present,normal,normal,normal,normal,absent,absent,open,TRUE
420.02,101.09,20.27,36.8,34.7,34.2,34.2,34.2,34.5,34.5,34.4,10,0.002,0.66,0.76,0.0,0.76635514,absent,present,normal,normal,normal,normal,absent,absent,open,TRUE
435.02,103.48,20.83,36.8,34.7,34.2,34.2,34.2,34.5,34.5,34.4,10,0.002,0.7,0.78,0.0,0.785046729,absent,present,normal,normal,normal,normal,absent,absent,open,TRUE
450.02,106.58,21.58,36.8,34.6,34.2,34.2,34.2,34.4,34.4,34.4,10,0.002,0.73,0.81,0.0,0.813084112,absent,present,normal,normal,normal,normal,absent,absent,open,TRUE
465.02,108.37,22.22,36.8,34.6,34.2,34.2,34.2,34.4,34.4,34.4,10,0.002,0.76,0.83,0.0,0.831775701,absent,present,normal,normal,normal,normal,absent,absent,open,TRUE
480.02,111.9,22.9,36.8,34.6,34.1,34.2,34.2,34.4,34.4,34.4,10,0.002,0.78,0.85,0.0,0.85046729,absent,present,normal,normal,normal,normal,absent,absent,open,TRUE
495.02,115.02,23.44,36.8,34.6,34.1,34.1,34.1,34.4,34.4,34.4,10,0.002,0.79,0.87,0.0,0.878504673,absent,present,normal,normal,normal,normal,absent,absent,open,TRUE
510.02,117.64,24.0,36.8,34.6,34.1,34.1,34.1,34.4,34.4,34.4,10,0.002,0.81,0.88,0.0,0.887850467,absent,present,normal,normal,normal,normal,absent,absent,open,TRUE
525.02,118.93,24.39,36.8,34.6,34.1,34.1,34.1,34.4,34.4,34.4,10,0.002,0.82,0.9,0.0,0.906542056,absent,present,normal,normal,normal,normal,absent,absent,open,TRUE
540.02,120.01,24.79,36.8,34.5,34.1,34.1,34.1,34.3,34.3,34.4,20,0.004,0.84,0.92,0.0,0.91588785,absent,present,normal,normal,normal,normal,absent,absent,open,TRUE
555.02,122.37,25.21,36.8,34.5,34.1,34.1,34.1,34.3,34.3,34.4,20,0.004,0.85,0.92,0.0,0.925233645,absent,present,normal,normal,normal,normal,absent,absent,open,TRUE
570.02,122.32,25.42,36.8,34.5,34.0,34.1,34.1,34.3,34.3,34.4,20,0.004,0.86,0.92,0.0,0.934579439,absent,present,normal,normal,normal,normal,absent,absent,open,TRUE
585.02,122.73,25.64,36.8,34.5,34.0,34.0,34.0,34.3,34.3,34.4,20,0.004,0.86,0.93,0.0,0.934579439,absent,present,normal,normal,normal,normal,absent,absent,open,TRUE
600.02,123.57,25.64,36.8,34.5,34.0,34.0,34.0,34.3,34.3,34.4,20,0.004,0.88,0.94,0.0,0.943925234,absent,present,normal,normal,normal,normal,absent,absent,open,TRUE
615.02,124.92,25.86,36.8,34.5,34.0,34.0,34.0,34.3,34.3,34.4,20,0.004,0.92,0.94,0.0,0.943925234,absent,present,normal,normal,normal,normal,absent,absent,open,TRUE
630.02,130.12,26.09,36.8,34.4,34.0,34.0,34.0,34.2,34.2,34.4,20,0.004,0.93,0.95,0.0,0.953271028,absent,present,normal,normal,normal,normal,absent,absent,open,TRUE
645.02,136.84,26.55,36.8,34.4,34.0,34.0,34.0,34.2,34.2,34.4,20,0.004,0.94,0.97,0.0,0.971962617,absent,present,normal,normal,normal,normal,absent,absent,open,TRUE
660.02,143.85,27.03,36.8,34.4,34.0,34.0,34.0,34.2,34.2,34.4,20,0.004,0.95,0.98,0.0,0.981308411,absent,present,normal,normal,normal,normal,absent,absent,open,TRUE
675.02,152.02,27.52,36.8,34.4,33.9,34.0,34.0,34.2,34.2,34.4,20,0.004,0.97,0.99,0.0,0.990654206,absent,present,normal,normal,normal,normal,absent,absent,open,TRUE
690.02,158.8,28.04,36.8,34.4,33.9,33.9,33.9,34.2,34.2,34.4,20,0.004,0.97,0.99,0.0,1.0,absent,present,normal,normal,normal,normal,absent,absent,open,TRUE
705.02,167.08,28.3,36.8,34.4,33.9,33.9,33.9,34.2,34.2,34.4,20,0.004,0.98,1.0,0.0,1.0,absent,present,normal,normal,normal,normal,absent,absent,open,TRUE
720.02,172.96,28.57,36.8,34.3,33.9,33.9,33.9,34.2,34.2,34.4,20,0.004,0.98,1.0,0.0,1.0,absent,present,normal,normal,normal,normal,absent,absent,open,TRUE
735.02,175.74,28.57,36.8,34.3,33.9,33.9,33.9,34.2,34.2,34.4,20,0.004,0.98,1.0,0.0,1.0,absent,present,normal,normal,normal,normal,absent,absent,open,TRUE
750.02,179.38,28.85,36.8,34.3,33.9,33.9,33.9,34.1,34.1,34.4,30,0.006,0.98,0.99,0.0,1.0,absent,present,normal,normal,normal,normal,absent,absent,open,TRUE
765.02,179.38,28.85,36.8,34.3,33.9,33.9,33.9,34.1,34.1,34.4,30,0.006,0.97,0.99,0.0,1.0,absent,present,normal,normal,normal,normal,absent,absent,open,TRUE
780.02,179.38,28.57,36.8,34.3,33.9,33.9,33.9,34.1,34.1,34.4,30,0.006,0.98,0.99,0.0,0.990654206,absent,present,normal,normal,normal,normal,absent,absent,open,TRUE
795.02,179.38,28.57,36.8,34.3,33.8,33.9,33.9,34.1,34.1,34.4,30,0.006,0.98,0.98,0.0,0.981308411,absent,present,normal,normal,normal,normal,absent,absent,open,TRUE
810.02,179.38,28.57,36.8,34.3,33.8,33.9,33.9,34.1,34.1,34.4,30,0.006,0.98,0.98,0.0,0.981308411,absent,present,normal,normal,normal,normal,absent,absent,open,TRUE
825.02,179.38,28.57,36.8,34.3,33.8,33.8,33.8,34.1,34.1,34.4,30,0.006,0.98,0.98,0.0,0.981308411,absent,present,normal,normal,normal,normal,absent,absent,open,TRUE
840.02,179.38,28.3,36.8,34.3,33.8,33.8,33.8,34.1,34.1,34.4,30,0.006,0.98,0.98,0.0,0.971962617,absent,present,normal,normal,normal,normal,absent,absent,open,TRUE
855.02,179.38,28.3,36.8,34.2,33.8,33.8,33.8,34.1,34.1,34.4,30,0.006,0.98,0.98,0.0,0.962616822,absent,present,normal,normal,normal,normal,absent,absent,open,TRUE
870.02,179.38,28.3,36.8,34.2,33.8,33.8,33.8,34.1,34.1,34.4,30,0.006,0.98,0.98,0.0,0.962616822,absent,present,normal,normal,normal,normal,absent,absent,open,TRUE
885.02,179.38,28.3,36.8,34.2,33.8,33.8,33.8,34.0,34.0,34.4,30,0.006,0.98,0.98,0.0,0.962616822,absent,present,normal,normal,normal,normal,absent,absent,open,TRUE
900.02,179.38,28.04,36.8,34.2,33.8,33.8,33.8,34.0,34.0,34.4,30,0.006,0.98,0.98,0.0,0.943925234,absent,present,normal,normal,normal,normal,absent,absent,open,TRUE
915.02,179.38,28.04,36.8,34.2,33.8,33.8,33.8,34.0,34.0,34.4,30,0.006,0.98,0.98,0.0,0.943925234,absent,present,normal,normal,normal,normal,absent,absent,open,TRUE
930.02,179.38,28.04,36.8,34.2,33.8,33.8,33.8,34.0,34.0,34.4,30,0.006,0.98,0.98,0.0,0.943925234,absent,present,normal,normal,normal,normal,absent,absent,open,TRUE
945.02,179.38,28.04,36.8,34.2,33.7,33.8,33.8,34.0,34.0,34.4,30,0.006,0.98,0.98,0.0,0.943925234,absent,present,normal,normal,normal,normal,absent,absent,open,TRUE
960.02,179.38,28.04,36.8,34.2,33.7,33.8,33.8,34.0,34.0,34.4,30,0.006,0.98,0.98,0.0,0.943925234,absent,present,normal,normal,normal,normal,absent,absent,open,TRUE
975.02,179.38,27.78,36.8,34.2,33.7,33.7,33.7,34.0,34.0,34.4,30,0.006,0.98,0.98,0.0,0.934579439,absent,present,normal,normal,normal,normal,absent,absent,open,TRUE
990.02,179.38,27.78,36.7,34.1,33.7,33.7,33.7,34.0,34.0,34.4,30,0.006,0.98,0.98,0.0,0.925233645,absent,present,normal,normal,normal,normal,absent,absent,open,TRUE
1005.02,179.38,27.78,36.7,34.1,33.7,33.7,33.7,34.0,34.0,34.4,30,0.006,0.98,0.98,0.0,0.925233645,absent,present,normal,normal,normal,normal,absent,absent,open,TRUE
1020.02,179.38,27.78,36.7,34.1,33.7,33.7,33.7,34.0,34.0,34.4,30,0.006,0.98,0.98,0.0,0.925233645,absent,present,normal,normal,normal,normal,absent,absent,open,TRUE
1035.02,179.38,27.78,36.7,34.1,33.7,33.7,33.7,33.9,33.9,34.4,30,0.006,0.98,0.98,0.0,0.925233645,absent,present,normal,normal,normal,normal,absent,absent,open,TRUE
1050.02,179.38,27.78,36.7,34.1,33.7,33.7,33.7,33.9,33.9,34.4,30,0.006,0.98,0.98,0.0,0.925233645,absent,present,normal,normal,normal,normal,absent,absent,open,TRUE
1065.02,179.38,27.78,36.7,34.1,33.7,33.7,33.7,33.9,33.9,34.4,30,0.006,0.98,0.98,0.0,0.925233645,absent,present,normal,normal,normal,normal,absent,absent,open,TRUE
1080.02,179.38,27.78,36.7,34.1,33.7,33.7,33.7,33.9,33.9,34.4,30,0.006,0.98,0.98,0.0,0.925233645,absent,present,normal,normal,normal,normal,absent,absent,open,TRUE
1095.02,179.38,27.78,36.7,34.1,33.7,33.7,33.7,33.9,33.9,34.4,30,0.006,0.98,0.98,0.0,0.925233645,absent,present,normal,normal,normal,normal,absent,absent,open,TRUE
1110.02,179.38,27.78,36.7,34.1,33.6,33.7,33.7,33.9,33.9,34.4,30,0.006,0.98,0.98,0.0,0.925233645,absent,present,normal,normal,normal,normal,absent,absent,open,TRUE
1125.02,179.38,27.78,36.7,34.1,33.6,33.7,33.7,33.9,33.9,34.4,30,0.006,0.98,0.98,0.0,0.925233645,absent,present,normal,normal,normal,normal,absent,absent,open,TRUE
1140.02,179.38,27.78,36.7,34.1,33.6,33.7,33.7,33.9,33.9,34.4,30,0.006,0.98,0.98,0.0,0.925233645,absent,present,normal,normal,normal,normal,absent,absent,open,TRUE
1155.02,179.38,27.78,36.7,34.1,33.6,33.6,33.6,33.9,33.9,34.4,30,0.006,0.98,0.98,0.0,0.925233645,absent,present,normal,normal,normal,normal,absent,absent,open,TRUE
1170.02,179.38,27.78,36.7,34.0,33.6,33.6,33.6,33.9,33.9,34.4,30,0.006,0.98,0.98,0.0,0.925233645,absent,present,normal,normal,normal,normal,absent,absent,open,TRUE
1185.02,179.38,27.78,36.7,34.0,33.6,33.6,33.6,33.9,33.9,34.4,30,0.006,0.98,0.98,0.0,0.91588785,absent,present,normal,normal,normal,normal,absent,absent,open,TRUE
1200.02,179.38,27.78,36.7,34.0,33.6,33.6,33.6,33.9,33.9,34.4,30,0.006,0.98,0.98,0.0,0.91588785,absent,present,normal,normal,normal,normal,absent,absent,open,TRUE
1215.02,179.38,27.52,36.7,34.0,33.6,33.6,33.6,33.9,33.9,34.4,30,0.006,0.98,0.98,0.0,0.906542056,absent,present,normal,normal,normal,normal,absent,absent,open,TRUE
1230.02,179.38,27.52,36.7,34.0,33.6,33.6,33.6,33.9,33.9,34.4,30,0.006,0.98,0.98,0.0,0.906542056,absent,present,normal,normal,normal,normal,absent,absent,open,TRUE
1245.02,169.26,27.27,36.7,34.0,33.6,33.6,33.6,33.8,33.8,34.4,30,0.006,0.98,0.98,0.0,0.897196262,absent,present,normal,normal,normal,normal,absent,absent,open,TRUE
1260.02,149.12,27.27,36.7,34.0,33.6,33.6,33.6,33.9,33.9,34.4,30,0.006,0.98,0.98,0.0,0.897196262,absent,present,normal,normal,normal,normal,absent,absent,open,TRUE
1275.02,156.27,27.03,36.7,34.0,33.6,33.7,33.7,33.9,33.9,34.4,30,0.006,0.98,0.98,0.0,0.887850467,absent,present,normal,normal,normal,normal,absent,absent,open,TRUE
1290.02,157.78,27.03,36.7,34.0,33.7,33.7,33.7,33.9,33.9,34.4,30,0.006,0.98,0.98,0.0,0.887850467,absent,present,normal,normal,normal,normal,absent,absent,open,TRUE
1305.02,157.63,27.03,36.7,34.1,33.7,33.7,33.7,33.9,33.9,34.4,30,0.006,0.98,0.98,0.0,0.887850467,absent,present,normal,normal,normal,normal,absent,absent,open,TRUE
1320.02,161.74,27.03,36.7,34.1,33.7,33.7,33.7,34.0,34.0,34.4,30,0.006,0.98,0.98,0.0,0.887850467,absent,present,normal,normal,normal,normal,absent,absent,open,TRUE
1335.02,161.94,27.03,36.7,34.1,33.7,33.7,33.7,34.0,34.0,34.4,30,0.006,0.98,0.98,0.0,0.887850467,absent,present,normal,normal,normal,normal,absent,absent,open,TRUE
1350.02,162.16,27.03,36.7,34.1,33.7,33.7,33.7,34.0,34.0,34.4,30,0.006,0.98,0.98,0.0,0.887850467,absent,present,normal,normal,normal,normal,absent,absent,open,TRUE
1365.02,162.39,27.03,36.7,34.1,33.7,33.8,33.8,34.0,34.0,34.4,30,0.006,0.98,0.98,0.0,0.887850467,absent,present,normal,normal,normal,normal,absent,absent,open,TRUE
1380.02,162.42,27.03,36.7,34.1,33.7,33.8,33.8,34.0,34.0,34.4,30,0.006,0.98,0.98,0.0,0.887850467,absent,present,normal,normal,normal,normal,absent,absent,open,TRUE
1395.02,162.4,27.03,36.7,34.1,33.8,33.8,33.8,34.0,34.0,34.4,30,0.006,0.98,0.98,0.0,0.887850467,absent,present,normal,normal,normal,normal,absent,absent,open,TRUE
1410.02,162.58,27.03,36.7,34.1,33.8,33.8,33.8,34.0,34.0,34.4,30,0.006,0.98,0.98,0.0,0.887850467,absent,present,normal,normal,normal,normal,absent,absent,open,TRUE
1425.02,162.79,26.79,36.7,34.1,33.8,33.8,33.8,34.0,34.0,34.4,30,0.006,0.98,0.98,0.0,0.878504673,absent,present,normal,normal,normal,normal,absent,absent,open,TRUE
1440.02,162.81,26.79,36.7,34.2,33.8,33.8,33.8,34.1,34.1,34.4,20,0.004,0.98,0.98,0.0,0.878504673,absent,present,normal,normal,normal,normal,absent,absent,open,TRUE
1455.02,162.82,26.79,36.7,34.2,33.8,33.8,33.8,34.1,34.1,34.4,20,0.004,0.98,0.98,0.0,0.887850467,absent,present,normal,normal,normal,normal,absent,absent,open,TRUE
1470.02,162.73,27.03,36.7,34.2,33.8,33.8,33.8,34.1,34.1,34.4,20,0.004,0.98,0.98,0.0,0.887850467,absent,present,normal,normal,normal,normal,absent,absent,open,TRUE
1485.02,162.65,27.03,36.7,34.2,33.8,33.8,33.8,34.1,34.1,34.4,20,0.004,0.98,0.98,0.0,0.887850467,absent,present,normal,normal,normal,normal,absent,absent,open,TRUE
1500.02,162.51,27.03,36.7,34.2,33.8,33.8,33.8,34.1,34.1,34.4,20,0.004,0.98,0.98,0.0,0.887850467,absent,present,normal,normal,normal,normal,absent,absent,open,TRUE
1515.02,162.53,27.03,36.7,34.2,33.8,33.8,33.8,34.1,34.1,34.4,20,0.004,0.98,0.98,0.0,0.887850467,absent,present,normal,normal,normal,normal,absent,absent,open,FALSE
1530.02,162.88,26.79,36.7,34.2,33.8,33.8,33.8,34.1,34.1,34.4,20,0.004,0.98,0.98,0.0,0.887850467,absent,present,normal,normal,normal,normal,absent,absent,open,FALSE
1545.02,162.71,27.03,36.6,34.2,33.8,33.8,33.8,34.1,34.1,34.4,20,0.004,0.98,0.98,0.0,0.887850467,absent,present,normal,normal,normal,normal,absent,absent,open,FALSE
1560.02,162.51,27.03,36.6,34.2,33.8,33.9,33.9,34.1,34.1,34.4,20,0.004,0.98,0.98,0.0,0.887850467,absent,present,normal,normal,normal,normal,absent,absent,open,FALSE
1575.02,162.51,27.03,36.6,34.2,33.8,33.9,33.9,34.1,34.1,34.4,20,0.004,0.98,0.98,0.0,0.878504673,absent,present,normal,normal,normal,normal,absent,absent,open,FALSE
1590.02,162.65,27.03,36.6,34.2,33.8,33.9,33.9,34.1,34.1,34.4,20,0.004,0.98,0.98,0.0,0.878504673,absent,present,normal,normal,normal,normal,absent,absent,open,FALSE
1605.02,162.65,27.03,36.6,34.2,33.8,33.9,33.9,34.1,34.1,34.4,20,0.004,0.98,0.98,0.0,0.878504673,absent,present,normal,normal,normal,normal,absent,absent,open,FALSE
1620.02,162.51,27.03,36.6,34.2,33.8,33.9,33.9,34.1,34.1,34.4,20,0.004,0.98,0.98,0.0,0.878504673,absent,present,normal,normal,normal,normal,absent,absent,open,FALSE
1635.02,162.49,27.03,36.6,34.2,33.9,33.9,33.9,34.1,34.1,34.4,20,0.004,0.98,0.98,0.0,0.878504673,absent,present,normal,normal,normal,normal,absent,absent,open,FALSE
1650.02,162.63,27.03,36.6,34.2,33.9,33.9,33.9,34.1,34.1,34.4,20,0.004,0.98,0.98,0.0,0.878504673,absent,present,normal,normal,normal,normal,absent,absent,open,FALSE
1665.02,162.65,27.03,36.6,34.3,33.9,33.9,33.9,34.1,34.1,34.4,20,0.004,0.98,0.98,0.0,0.878504673,absent,present,normal,normal,normal,normal,absent,absent,open,FALSE
1680.02,162.5,27.03,36.6,34.3,33.9,33.9,33.9,34.1,34.1,34.4,20,0.004,0.98,0.98,0.0,0.878504673,absent,present,normal,normal,normal,normal,absent,absent,open,FALSE
1695.02,162.51,27.03,36.6,34.3,33.9,33.9,33.9,34.1,34.1,34.4,20,0.004,0.98,0.98,0.0,0.878504673,absent,present,normal,normal,normal,normal,absent,absent,open,FALSE
1710.02,162.57,27.03,36.6,34.3,33.9,33.9,33.9,34.1,34.1,34.4,20,0.004,0.98,0.98,0.0,0.878504673,absent,present,normal,normal,normal,normal,absent,absent,open,FALSE
1725.02,162.57,27.03,36.6,34.3,33.9,33.9,33.9,34.1,34.1,34.4,20,0.004,0.98,0.98,0.0,0.878504673,absent,present,normal,normal,normal,normal,absent,absent,open,FALSE
1740.02,162.48,27.03,36.6,34.3,33.9,33.9,33.9,34.1,34.1,34.4,20,0.004,0.98,0.98,0.0,0.878504673,absent,present,normal,normal,normal,normal,absent,absent,open,FALSE
1755.02,162.45,27.03,36.6,34.3,33.9,33.9,33.9,34.1,34.1,34.4,20,0.004,0.98,0.98,0.0,0.878504673,absent,present,normal,normal,normal,normal,absent,absent,open,FALSE
1770.02,162.51,27.03,36.6,34.3,33.9,33.9,33.9,34.1,34.1,34.4,20,0.004,0.98,0.98,0.0,0.878504673,absent,present,normal,normal,normal,normal,absent,absent,open,FALSE
1785.02,162.56,27.03,36.6,34.3,33.9,33.9,33.9,34.1,34.1,34.4,20,0.004,0.98,0.98,0.0,0.878504673,absent,present,normal,normal,normal,normal,absent,absent,open,FALSE
1800.02,162.47,27.03,36.6,34.3,33.9,33.9,33.9,34.1,34.1,34.4,20,0.004,0.98,0.98,0.0,0.878504673,absent,present,normal,normal,normal,normal,absent,absent,open,FALSE
1815.02,162.41,27.03,36.6,34.3,33.9,33.9,33.9,34.1,34.1,34.4,20,0.004,0.98,0.98,0.0,0.878504673,absent,present,normal,normal,normal,normal,absent,absent,open,FALSE
1830.02,162.47,27.03,36.6,34.3,33.9,33.9,33.9,34.1,34.1,34.4,20,0.004,0.98,0.98,0.0,0.878504673,absent,present,normal,normal,normal,normal,absent,absent,open,FALSE
1845.02,162.55,27.03,36.6,34.3,33.9,33.9,33.9,34.1,34.1,34.4,20,0.004,0.98,0.98,0.0,0.878504673,absent,present,normal,normal,normal,normal,absent,absent,open,FALSE
1860.02,162.47,27.03,36.6,34.3,33.9,33.9,33.9,34.1,34.1,34.4,20,0.004,0.98,0.98,0.0,0.878504673,absent,present,normal,normal,normal,normal,absent,absent,open,FALSE
1875.02,162.38,27.03,36.6,34.3,33.9,33.9,33.9,34.1,34.1,34.4,20,0.004,0.98,0.98,0.0,0.878504673,absent,present,normal,normal,normal,normal,absent,absent,open,FALSE
1890.02,162.42,27.03,36.6,34.3,33.9,33.9,33.9,34.1,34.1,34.4,20,0.004,0.98,0.98,0.0,0.878504673,absent,present,normal,normal,normal,normal,absent,absent,open,FALSE
1905.02,162.53,27.03,36.6,34.3,33.9,33.9,33.9,34.1,34.1,34.4,20,0.004,0.98,0.98,0.0,0.878504673,absent,present,normal,normal,normal,normal,absent,absent,open,FALSE
1920.02,162.46,27.03,36.6,34.3,33.9,33.9,33.9,34.1,34.1,34.4,20,0.004,0.98,0.98,0.0,0.878504673,absent,present,normal,normal,normal,normal,absent,absent,open,FALSE
1935.02,162.34,27.03,36.6,34.3,33.9,33.9,33.9,34.1,34.1,34.4,20,0.004,0.98,0.98,0.0,0.878504673,absent,present,normal,normal,normal,normal,absent,absent,open,FALSE
1950.02,162.36,27.03,36.6,34.3,33.9,33.9,33.9,34.1,34.1,34.4,20,0.004,0.98,0.98,0.0,0.878504673,absent,present,normal,normal,normal,normal,absent,absent,open,FALSE
1965.02,162.49,27.03,36.6,34.3,33.9,33.9,33.9,34.1,34.1,34.4,20,0.004,0.98,0.98,0.0,0.878504673,absent,present,normal,normal,normal,normal,absent,absent,open,FALSE
1980.02,162.36,27.03,36.6,34.3,33.9,33.9,33.9,34.1,34.1,34.4,20,0.004,0.98,0.98,0.0,0.878504673,absent,present,normal,normal,normal,normal,absent,absent,open,FALSE
1995.02,162.3,27.03,36.6,34.3,33.9,33.9,33.9,34.1,34.1,34.4,20,0.004,0.98,0.98,0.0,0.878504673,absent,present,normal,normal,normal,normal,absent,absent,open,FALSE
2010.02,162.38,27.03,36.6,34.3,33.9,33.9,33.9,34.1,34.1,34.4,20,0.004,0.98,0.98,0.0,0.878504673,absent,present,normal,normal,normal,normal,absent,absent,open,FALSE
2025.02,162.45,27.03,36.6,34.3,33.9,33.9,33.9,34.1,34.1,34.4,20,0.004,0.98,0.98,0.0,0.878504673,absent,present,normal,normal,normal,normal,absent,absent,open,FALSE
2040.02,162.35,27.03,36.6,34.3,33.9,33.9,33.9,34.1,34.1,34.4,20,0.004,0.98,0.98,0.0,0.878504673,absent,present,normal,normal,normal,normal,absent,absent,open,FALSE
2055.02,162.28,27.03,36.6,34.3,33.9,33.9,33.9,34.1,34.1,34.4,20,0.004,0.98,0.98,0.0,0.887850467,absent,present,normal,normal,normal,normal,absent,absent,open,FALSE
2070.02,162.33,27.03,36.6,34.3,33.9,33.9,33.9,34.1,34.1,34.4,20,0.004,0.98,0.98,0.0,0.887850467,absent,present,normal,normal,normal,normal,absent,absent,open,FALSE
2085.02,162.41,27.03,36.6,34.3,33.9,33.9,33.9,34.1,34.1,34.4,20,0.004,0.98,0.98,0.0,0.887850467,absent,present,normal,normal,normal,normal,absent,absent,open,FALSE
2100.02,162.35,27.03,36.6,34.3,33.9,33.9,33.9,34.1,34.1,34.4,20,0.004,0.98,0.98,0.0,0.887850467,absent,present,normal,normal,normal,normal,absent,absent,open,FALSE
2115.02,162.27,27.03,36.6,34.3,33.9,33.9,33.9,34.1,34.1,34.4,20,0.004,0.98,0.98,0.0,0.887850467,absent,present,normal,normal,normal,normal,absent,absent,open,FALSE
2130.02,162.28,27.03,36.5,34.3,33.9,33.9,33.9,34.1,34.1,34.4,20,0.004,0.98,0.98,0.0,0.887850467,absent,present,normal,normal,normal,normal,absent,absent,open,FALSE
2145.02,162.35,27.03,36.5,34.3,33.9,33.9,33.9,34.1,34.1,34.4,20,0.004,0.98,0.98,0.0,0.887850467,absent,present,normal,normal,normal,normal,absent,absent,open,FALSE
2160.02,162.33,27.03,36.5,34.3,33.9,33.9,33.9,34.1,34.1,34.4,20,0.004,0.98,0.98,0.0,0.887850467,absent,present,normal,normal,normal,normal,absent,absent,open,FALSE
2175.02,162.24,27.03,36.5,34.3,33.9,33.9,33.9,34.1,34.1,34.4,20,0.004,0.98,0.98,0.0,0.887850467,absent,present,normal,normal,normal,normal,absent,absent,open,FALSE
2190.02,162.22,27.03,36.5,34.3,33.9,33.9,33.9,34.1,34.1,34.4,20,0.004,0.98,0.98,0.0,0.887850467,absent,present,normal,normal,normal,normal,absent,absent,open,FALSE
2205.02,162.28,27.03,36.5,34.3,33.9,33.9,33.9,34.1,34.1,34.4,20,0.004,0.98,0.98,0.0,0.887850467,absent,present,normal,normal,normal,normal,absent,absent,open,FALSE
2220.02,162.1,27.27,36.5,34.3,33.9,33.9,33.9,34.1,34.1,34.4,20,0.004,0.98,0.98,0.0,0.887850467,absent,present,normal,normal,normal,normal,absent,absent,open,FALSE
2235.02,162.02,27.27,36.5,34.3,33.9,33.9,33.9,34.1,34.1,34.4,20,0.004,0.98,0.98,0.0,0.887850467,absent,present,normal,normal,normal,normal,absent,absent,open,FALSE
2250.02,161.92,27.27,36.5,34.3,33.9,33.9,33.9,34.1,34.1,34.4,20,0.004,0.98,0.98,0.0,0.887850467,absent,present,normal,normal,normal,normal,absent,absent,open,FALSE
2265.02,162.0,27.27,36.5,34.3,33.9,33.9,33.9,34.1,34.1,34.4,20,0.004,0.98,0.98,0.0,0.887850467,absent,present,normal,normal,normal,normal,absent,absent,open,FALSE
2280.02,162.36,27.03,36.5,34.3,33.9,33.9,33.9,34.1,34.1,34.4,20,0.004,0.98,0.98,0.0,0.887850467,absent,present,normal,normal,normal,normal,absent,absent,open,FALSE
2295.02,162.23,27.27,36.5,34.3,33.9,33.9,33.9,34.1,34.1,34.4,20,0.004,0.98,0.98,0.0,0.887850467,absent,present,normal,normal,normal,normal,absent,absent,open,FALSE
2310.02,162.07,27.27,36.5,34.3,33.9,33.9,33.9,34.1,34.1,34.4,20,0.004,0.98,0.98,0.0,0.887850467,absent,present,normal,normal,normal,normal,absent,absent,open,FALSE
2325.02,161.98,27.27,36.5,34.3,33.9,33.9,33.9,34.1,34.1,34.4,20,0.004,0.98,0.98,0.0,0.887850467,absent,present,normal,normal,normal,normal,absent,absent,open,FALSE
2340.02,161.99,27.27,36.5,34.3,33.9,33.9,33.9,34.1,34.1,34.4,20,0.004,0.98,0.98,0.0,0.887850467,absent,present,normal,normal,normal,normal,absent,absent,open,FALSE
2355.02,162.13,27.27,36.5,34.3,33.9,33.9,33.9,34.1,34.1,34.4,20,0.004,0.98,0.98,0.0,0.887850467,absent,present,normal,normal,normal,normal,absent,absent,open,FALSE
2370.02,162.17,27.27,36.5,34.3,33.9,33.9,33.9,34.1,34.1,34.4,20,0.004,0.98,0.98,0.0,0.887850467,absent,present,normal,normal,normal,normal,absent,absent,open,FALSE
2385.02,162.13,27.27,36.5,34.3,33.9,33.9,33.9,34.1,34.1,34.4,20,0.004,0.98,0.98,0.0,0.887850467,absent,present,normal,normal,normal,normal,absent,absent,open,FALSE
2400.02,162.08,27.27,36.5,34.3,33.8,33.9,33.9,34.1,34.1,34.4,20,0.004,0.98,0.98,0.0,0.887850467,absent,present,normal,normal,normal,normal,absent,absent,open,FALSE
2415.02,162.03,27.27,36.5,34.3,33.8,33.9,33.9,34.1,34.1,34.4,20,0.004,0.98,0.98,0.0,0.887850467,absent,present,normal,normal,normal,normal,absent,absent,open,FALSE
2430.02,162.06,27.27,36.5,34.3,33.8,33.9,33.9,34.1,34.1,34.4,30,0.006,0.98,0.98,0.0,0.887850467,absent,present,normal,normal,normal,normal,absent,absent,open,FALSE
2445.02,162.18,27.27,36.5,34.3,33.8,33.9,33.9,34.1,34.1,34.4,30,0.006,0.98,0.98,0.0,0.887850467,absent,present,normal,normal,normal,normal,absent,absent,open,FALSE
2460.02,162.2,27.27,36.5,34.3,33.8,33.9,33.9,34.1,34.1,34.4,30,0.006,0.98,0.98,0.0,0.887850467,absent,present,normal,normal,normal,normal,absent,absent,open,FALSE
2475.02,162.09,27.27,36.5,34.3,33.8,33.9,33.9,34.1,34.1,34.4,30,0.006,0.98,0.98,0.0,0.887850467,absent,present,normal,normal,normal,normal,absent,absent,open,FALSE
2490.02,162.06,27.27,36.5,34.2,33.8,33.9,33.9,34.1,34.1,34.4,30,0.006,0.98,0.98,0.0,0.887850467,absent,present,normal,normal,normal,normal,absent,absent,open,FALSE
2505.02,162.04,27.27,36.5,34.2,33.8,33.9,33.9,34.1,34.1,34.4,30,0.006,0.98,0.98,0.0,0.887850467,absent,present,normal,normal,normal,normal,absent,absent,open,FALSE
2520.02,162.07,27.27,36.5,34.2,33.8,33.9,33.9,34.1,34.1,34.4,30,0.006,0.98,0.98,0.0,0.887850467,absent,present,normal,normal,normal,normal,absent,absent,open,FALSE
2535.02,162.18,27.27,36.5,34.2,33.8,33.9,33.9,34.1,34.1,34.4,30,0.006,0.98,0.98,0.0,0.887850467,absent,present,normal,normal,normal,normal,absent,absent,open,FALSE
2550.02,162.09,27.27,36.5,34.2,33.8,33.9,33.9,34.1,34.1,34.4,30,0.006,0.98,0.98,0.0,0.887850467,absent,present,normal,normal,normal,normal,absent,absent,open,FALSE
2565.02,162.04,27.27,36.5,34.2,33.8,33.9,33.9,34.1,34.1,34.4,30,0.006,0.98,0.98,0.0,0.887850467,absent,present,normal,normal,normal,normal,absent,absent,open,FALSE
2580.02,162.01,27.27,36.5,34.2,33.8,33.9,33.9,34.1,34.1,34.4,30,0.006,0.98,0.98,0.0,0.887850467,absent,present,normal,normal,normal,normal,absent,absent,open,FALSE
2595.02,162.04,27.27,36.5,34.2,33.8,33.8,33.8,34.1,34.1,34.4,30,0.006,0.98,0.98,0.0,0.887850467,absent,present,normal,normal,normal,normal,absent,absent,open,FALSE
2610.02,162.15,27.27,36.5,34.2,33.8,33.8,33.8,34.1,34.1,34.4,30,0.006,0.98,0.98,0.0,0.887850467,absent,present,normal,normal,normal,normal,absent,absent,open,FALSE
2625.02,162.15,27.27,36.5,34.2,33.8,33.8,33.8,34.1,34.1,34.4,30,0.006,0.98,0.98,0.0,0.887850467,absent,present,normal,normal,normal,normal,absent,absent,open,FALSE
2640.02,162.02,27.27,36.5,34.2,33.8,33.8,33.8,34.1,34.1,34.4,30,0.006,0.98,0.98,0.0,0.887850467,absent,present,normal,normal,normal,normal,absent,absent,open,FALSE
2655.02,161.98,27.27,36.5,34.2,33.8,33.8,33.8,34.1,34.1,34.4,30,0.006,0.98,0.98,0.0,0.887850467,absent,present,normal,normal,normal,normal,absent,absent,open,FALSE
2670.02,161.99,27.27,36.5,34.2,33.8,33.8,33.8,34.1,34.1,34.4,30,0.006,0.98,0.98,0.0,0.887850467,absent,present,normal,normal,normal,normal,absent,absent,open,FALSE
2685.02,162.02,27.27,36.5,34.2,33.8,33.8,33.8,34.1,34.1,34.4,30,0.006,0.98,0.98,0.0,0.887850467,absent,present,normal,normal,normal,normal,absent,absent,open,FALSE
2700.02,162.12,27.27,36.5,34.2,33.8,33.8,33.8,34.1,34.1,34.4,30,0.006,0.98,0.98,0.0,0.887850467,absent,present,normal,normal,normal,normal,absent,absent,open,FALSE
2715.02,162.09,27.27,36.5,34.2,33.8,33.8,33.8,34.1,34.1,34.4,30,0.006,0.98,0.98,0.0,0.887850467,absent,present,normal,normal,normal,normal,absent,absent,open,FALSE
2730.02,161.96,27.27,36.5,34.2,33.8,33.8,33.8,34.1,34.1,34.4,30,0.006,0.98,0.98,0.0,0.887850467,absent,present,normal,normal,normal,normal,absent,absent,open,FALSE
2745.02,161.93,27.27,36.5,34.2,33.8,33.8,33.8,34.1,34.1,34.4,30,0.006,0.98,0.98,0.0,0.887850467,absent,present,normal,normal,normal,normal,absent,absent,open,FALSE
2760.02,161.98,27.27,36.5,34.2,33.8,33.8,33.8,34.1,34.1,34.4,30,0.006,0.98,0.98,0.0,0.887850467,absent,present,normal,normal,normal,normal,absent,absent,open,FALSE
2775.02,162.02,27.27,36.5,34.2,33.8,33.8,33.8,34.1,34.1,34.4,30,0.006,0.98,0.98,0.0,0.887850467,absent,present,normal,normal,normal,normal,absent,absent,open,FALSE
2790.02,162.06,27.27,36.5,34.2,33.8,33.8,33.8,34.1,34.1,34.4,30,0.006,0.98,0.98,0.0,0.897196262,absent,present,normal,normal,normal,normal,absent,absent,open,FALSE
2805.02,161.76,27.52,36.5,34.2,33.8,33.8,33.8,34.1,34.1,34.4,30,0.006,0.98,0.98,0.0,0.897196262,absent,present,normal,normal,normal,normal,absent,absent,open,FALSE
2820.02,161.64,27.52,36.4,34.2,33.8,33.8,33.8,34.1,34.1,34.4,30,0.006,0.98,0.98,0.0,0.897196262,absent,present,normal,normal,normal,normal,absent,absent,open,FALSE
2835.02,161.62,27.52,36.4,34.2,33.8,33.8,33.8,34.1,34.1,34.4,30,0.006,0.98,0.98,0.0,0.897196262,absent,present,normal,normal,normal,normal,absent,absent,open,FALSE
2850.02,161.66,27.52,36.4,34.2,33.8,33.8,33.8,34.1,34.1,34.4,30,0.006,0.98,0.98,0.0,0.897196262,absent,present,normal,normal,normal,normal,absent,absent,open,FALSE
2865.02,161.76,27.52,36.4,34.2,33.8,33.8,33.8,34.1,34.1,34.4,30,0.006,0.98,0.98,0.0,0.897196262,absent,present,normal,normal,normal,normal,absent,absent,open,FALSE
2880.02,161.8,27.52,36.4,34.2,33.8,33.8,33.8,34.1,34.1,34.4,30,0.006,0.98,0.98,0.0,0.897196262,absent,present,normal,normal,normal,normal,absent,absent,open,FALSE
2895.02,161.91,27.52,36.4,34.2,33.8,33.8,33.8,34.1,34.1,34.4,30,0.006,0.98,0.98,0.0,0.897196262,absent,present,normal,normal,normal,normal,absent,absent,open,FALSE
2910.02,161.92,27.52,36.4,34.2,33.8,33.8,33.8,34.1,34.1,34.4,30,0.006,0.98,0.98,0.0,0.897196262,absent,present,normal,normal,normal,normal,absent,absent,open,FALSE
2925.02,161.87,27.52,36.4,34.2,33.8,33.8,33.8,34.1,34.1,34.4,30,0.006,0.98,0.98,0.0,0.897196262,absent,present,normal,normal,normal,normal,absent,absent,open,FALSE
2940.02,161.86,27.52,36.4,34.2,33.8,33.8,33.8,34.1,34.1,34.4,30,0.006,0.98,0.98,0.0,0.897196262,absent,present,normal,normal,normal,normal,absent,absent,open,FALSE
2955.02,161.79,27.52,36.4,34.2,33.8,33.8,33.8,34.1,34.1,34.4,30,0.006,0.98,0.98,0.0,0.897196262,absent,present,normal,normal,normal,normal,absent,absent,open,FALSE
2970.02,161.79,27.52,36.4,34.2,33.8,33.8,33.8,34.1,34.1,34.4,30,0.006,0.98,0.98,0.0,0.897196262,absent,present,normal,normal,normal,normal,absent,absent,open,FALSE
2985.02,161.82,27.52,36.4,34.2,33.8,33.8,33.8,34.0,34.0,34.4,30,0.006,0.98,0.98,0.0,0.897196262,absent,present,normal,normal,normal,normal,absent,absent,open,FALSE
3000.02,161.84,27.52,36.4,34.2,33.8,33.8,33.8,34.0,34.0,34.4,30,0.006,0.98,0.98,0.0,0.897196262,absent,present,normal,normal,normal,normal,absent,absent,open,FALSE
3015.02,161.94,27.52,36.4,34.2,33.8,33.8,33.8,34.0,34.0,34.4,30,0.006,0.98,0.98,0.0,0.897196262,absent,present,normal,normal,normal,normal,absent,absent,open,FALSE
3030.02,161.95,27.52,36.4,34.2,33.8,33.8,33.8,34.0,34.0,34.4,30,0.006,0.98,0.98,0.0,0.897196262,absent,present,normal,normal,normal,normal,absent,absent,open,FALSE
3045.02,161.94,27.52,36.4,34.2,33.8,33.8,33.8,34.0,34.0,34.4,30,0.006,0.98,0.98,0.0,0.897196262,absent,present,normal,normal,normal,normal,absent,absent,open,FALSE
3060.02,161.93,27.52,36.4,34.2,33.8,33.8,33.8,34.0,34.0,34.4,40,0.008,0.98,0.98,0.0,0.897196262,absent,present,normal,normal,normal,normal,absent,absent,open,FALSE
3075.02,161.83,27.52,36.4,34.2,33.8,33.8,33.8,34.0,34.0,34.4,40,0.008,0.98,0.98,0.0,0.897196262,absent,present,normal,normal,normal,normal,absent,absent,open,FALSE
3090.02,161.82,27.52,36.4,34.2,33.8,33.8,33.8,34.0,34.0,34.4,40,0.008,0.98,0.98,0.0,0.897196262,absent,present,normal,normal,normal,normal,absent,absent,open,FALSE
3105.02,161.8,27.52,36.4,34.2,33.8,33.8,33.8,34.0,34.0,34.4,40,0.008,0.98,0.98,0.0,0.897196262,absent,present,normal,normal,normal,normal,absent,absent,open,FALSE
3120.02,161.88,27.52,36.4,34.2,33.8,33.8,33.8,34.0,34.0,34.4,40,0.008,0.98,0.98,0.0,0.897196262,absent,present,normal,normal,normal,normal,absent,absent,open,FALSE
3135.02,161.89,27.52,36.4,34.2,33.8,33.8,33.8,34.0,34.0,34.4,40,0.008,0.98,0.98,0.0,0.897196262,absent,present,normal,normal,normal,normal,absent,absent,open,FALSE
3150.02,161.96,27.52,36.4,34.2,33.8,33.8,33.8,34.0,34.0,34.4,40,0.008,0.98,0.98,0.0,0.897196262,absent,present,normal,normal,normal,normal,absent,absent,open,FALSE
3165.02,161.95,27.52,36.4,34.2,33.8,33.8,33.8,34.0,34.0,34.4,40,0.008,0.98,0.98,0.0,0.897196262,absent,present,normal,normal,normal,normal,absent,absent,open,FALSE
3180.02,161.86,27.52,36.4,34.2,33.8,33.8,33.8,34.0,34.0,34.4,40,0.008,0.98,0.98,0.0,0.897196262,absent,present,normal,normal,normal,normal,absent,absent,open,FALSE
3195.02,161.85,27.52,36.4,34.2,33.8,33.8,33.8,34.0,34.0,34.4,40,0.008,0.98,0.98,0.0,0.897196262,absent,present,normal,normal,normal,normal,absent,absent,open,FALSE
3210.02,161.78,27.52,36.4,34.2,33.8,33.8,33.8,34.0,34.0,34.4,40,0.008,0.98,0.98,0.0,0.897196262,absent,present,normal,normal,normal,normal,absent,absent,open,FALSE
3225.02,161.77,27.52,36.4,34.2,33.8,33.8,33.8,34.0,34.0,34.4,40,0.008,0.98,0.98,0.0,0.897196262,absent,present,normal,normal,normal,normal,absent,absent,open,FALSE
3240.02,161.82,27.52,36.4,34.2,33.8,33.8,33.8,34.0,34.0,34.4,40,0.008,0.98,0.98,0.0,0.897196262,absent,present,normal,normal,normal,normal,absent,absent,open,FALSE
3255.02,161.82,27.52,36.4,34.2,33.8,33.8,33.8,34.0,34.0,34.4,40,0.008,0.98,0.98,0.0,0.897196262,absent,present,normal,normal,normal,normal,absent,absent,open,FALSE
3270.02,161.92,27.52,36.4,34.2,33.8,33.8,33.8,34.0,34.0,34.4,40,0.008,0.98,0.98,0.0,0.897196262,absent,present,normal,normal,normal,normal,absent,absent,open,FALSE
3285.02,161.92,27.52,36.4,34.2,33.8,33.8,33.8,34.0,34.0,34.4,40,0.008,0.98,0.98,0.0,0.906542056,absent,present,normal,normal,normal,normal,absent,absent,open,FALSE
3300.02,161.88,27.52,36.4,34.2,33.8,33.8,33.8,34.0,34.0,34.4,40,0.008,0.98,0.98,0.0,0.906542056,absent,present,normal,normal,normal,normal,absent,absent,open,FALSE
3315.02,161.87,27.52,36.4,34.2,33.7,33.8,33.8,34.0,34.0,34.4,40,0.008,0.98,0.98,0.0,0.906542056,absent,present,normal,normal,normal,normal,absent,absent,open,FALSE
3330.02,161.69,27.78,36.4,34.2,33.7,33.8,33.8,34.0,34.0,34.4,40,0.008,0.98,0.98,0.0,0.906542056,absent,present,normal,normal,normal,normal,absent,absent,open,FALSE
3345.02,161.48,27.78,36.4,34.2,33.7,33.8,33.8,34.0,34.0,34.4,40,0.008,0.98,0.98,0.0,0.906542056,absent,present,normal,normal,normal,normal,absent,absent,open,FALSE
3360.02,161.46,27.78,36.4,34.1,33.7,33.8,33.8,34.0,34.0,34.4,40,0.008,0.98,0.98,0.0,0.906542056,absent,present,normal,normal,normal,normal,absent,absent,open,FALSE
3375.02,161.5,27.78,36.4,34.1,33.7,33.8,33.8,34.0,34.0,34.4,40,0.008,0.98,0.98,0.0,0.906542056,absent,present,normal,normal,normal,normal,absent,absent,open,FALSE
3390.02,161.54,27.78,36.4,34.1,33.7,33.8,33.8,34.0,34.0,34.4,40,0.008,0.98,0.98,0.0,0.906542056,absent,present,normal,normal,normal,normal,absent,absent,open,FALSE
3405.02,161.61,27.78,36.4,34.1,33.7,33.8,33.8,34.0,34.0,34.4,40,0.008,0.98,0.98,0.0,0.906542056,absent,present,normal,normal,normal,normal,absent,absent,open,FALSE
3420.02,161.63,27.78,36.4,34.1,33.7,33.8,33.8,34.0,34.0,34.4,40,0.008,0.98,0.98,0.0,0.906542056,absent,present,normal,normal,normal,normal,absent,absent,open,FALSE
3435.02,161.71,27.78,36.4,34.1,33.7,33.8,33.8,34.0,34.0,34.4,40,0.008,0.98,0.98,0.0,0.906542056,absent,present,normal,normal,normal,normal,absent,absent,open,FALSE
3450.02,161.71,27.78,36.4,34.1,33.7,33.8,33.8,34.0,34.0,34.4,40,0.008,0.98,0.98,0.0,0.906542056,absent,present,normal,normal,normal,normal,absent,absent,open,FALSE
3465.02,161.79,27.78,36.4,34.1,33.7,33.8,33.8,34.0,34.0,34.4,40,0.008,0.98,0.98,0.0,0.906542056,absent,present,normal,normal,normal,normal,absent,absent,open,FALSE
3480.02,161.79,27.78,36.4,34.1,33.7,33.7,33.7,34.0,34.0,34.4,40,0.008,0.98,0.98,0.0,0.906542056,absent,present,normal,normal,normal,normal,absent,absent,open,FALSE
3495.02,161.83,27.78,36.4,34.1,33.7,33.7,33.7,34.0,34.0,34.4,40,0.008,0.98,0.98,0.0,0.906542056,absent,present,normal,normal,normal,normal,absent,absent,open,FALSE
3510.02,161.84,27.78,36.4,34.1,33.7,33.7,33.7,34.0,34.0,34.4,40,0.008,0.98,0.98,0.0,0.906542056,absent,present,normal,normal,normal,normal,absent,absent,open,FALSE
3525.02,161.82,27.78,36.4,34.1,33.7,33.7,33.7,34.0,34.0,34.4,50,0.01,0.98,0.98,0.0,0.906542056,absent,present,normal,normal,normal,normal,absent,absent,open,FALSE
3540.02,161.84,27.78,36.4,34.1,33.7,33.7,33.7,34.0,34.0,34.4,50,0.01,0.98,0.98,0.0,0.906542056,absent,present,normal,normal,normal,normal,absent,absent,open,FALSE
3555.02,161.78,27.78,36.4,34.1,33.7,33.7,33.7,34.0,34.0,34.4,50,0.01,0.98,0.98,0.0,0.906542056,absent,present,normal,normal,normal,normal,absent,absent,open,FALSE
3570.02,161.81,27.78,36.4,34.1,33.7,33.7,33.7,34.0,34.0,34.4,50,0.01,0.98,0.98,0.0,0.906542056,absent,present,normal,normal,normal,normal,absent,absent,open,FALSE
3585.02,161.74,27.78,36.3,34.1,33.7,33.7,33.7,34.0,34.0,34.4,50,0.01,0.98,0.98,0.0,0.906542056,absent,present,normal,normal,normal,normal,absent,absent,open,FALSE
3600.02,161.76,27.78,36.3,34.1,33.7,33.7,33.7,34.0,34.0,34.4,50,0.01,0.98,0.98,0.700934579,0.700934579,absent,present,normal,normal,normal,normal,absent,absent,open,FALSE
