Time,HeartRate,RespirationRate,CoreTemperature,SkinTemperatureTorso,SkinTemperatureHead,SkinTemperatureLeftArm,SkinTemperatureRightArm,SkinTemperatureLeftLeg,SkinTemperatureRightLeg,BurnSkinTemperature,BloodVolumeLost,BloodPoolSize,LeftLungDisplacementMin,LeftLungDisplacementMax,RightLungDisplacementMin,RightLungDisplacementMax,BurnTemperature(degC),severe_hemorrhage,respiratory_distress,trauma_head,trauma_torso,trauma_upper_ext,trauma_lower_ext,alertness_verbal,alertness_motor,alertness_ocular,GoldenWindow
0.02,85.25,17.75,36.9,35.5,35.3,35.3,35.3,35.5,35.5,34.4,0,0,0.0,1.0,0.0,1.0,34.4,absent,absent,normal,normal,wound,wound,normal,normal|abnormal,open,TRUE
15.02,85.2,26.09,36.9,37.8,58.5,84.3,56.4,69.9,41.0,76.9,0,0,0.0,0.97826087,0.0,0.960784314,76.9,absent,absent,normal,normal,wound,wound,normal,normal|abnormal,open,TRUE
30.02,85.54,25.86,37.0,40.5,56.6,59.5,56.4,66.8,45.3,49.4,0,0,0.0,0.97826087,0.0,0.960784314,49.4,absent,absent,normal,normal,wound,wound,normal,normal|abnormal,open,TRUE
45.02,86.78,25.42,37.1,41.8,50.4,50.7,50.8,58.0,46.0,47.4,0,0,0.0,0.956521739,0.0,0.960784314,47.4,absent,absent,normal,normal,wound,wound,normal,normal|abnormal,open,TRUE
60.02,86.91,25.0,37.1,42.5,47.4,47.5,47.6,51.6,46.0,46.0,0,0,0.0,0.934782609,0.0,0.941176471,46.0,absent,absent,normal,normal,wound,wound,normal,normal|abnormal,open,TRUE
75.02,87.0,24.59,37.2,42.7,45.5,45.7,45.6,47.4,45.5,44.8,0,0,0.0,0.913043478,0.0,0.921568627,44.8,absent,absent,normal,normal,wound,wound,normal,normal|abnormal,open,TRUE
90.02,87.05,24.19,37.2,42.7,44.2,44.5,44.3,44.8,44.6,43.9,0,0,0.0,0.891304348,0.0,0.882352941,43.9,absent,absent,normal,normal,wound,wound,normal,normal|abnormal,open,TRUE
105.02,87.03,23.81,37.3,42.7,43.4,43.7,43.4,43.1,43.7,43.2,0,0,0.0,0.869565217,0.0,0.882352941,43.2,absent,absent,normal,normal,wound,wound,normal,normal|abnormal,open,TRUE
120.02,87.0,23.62,37.3,42.6,42.7,43.1,42.7,42.1,43.0,42.6,0,0,0.0,0.869565217,0.0,0.862745098,42.6,absent,absent,normal,normal,wound,wound,normal,normal|abnormal,open,TRUE
135.02,86.94,23.44,37.4,42.4,42.2,42.7,42.2,41.4,42.3,42.2,0,0,0.0,0.847826087,0.0,0.843137255,42.2,absent,absent,normal,normal,wound,wound,normal,normal|abnormal,open,TRUE
150.02,86.88,23.26,37.4,42.1,41.8,42.3,41.8,41.0,41.8,41.8,0,0,0.0,0.847826087,0.0,0.843137255,41.8,absent,absent,normal,normal,wound,wound,normal,normal|abnormal,open,TRUE
165.02,86.82,23.08,37.4,41.8,41.5,42.0,41.5,40.7,41.4,41.5,0,0,0.0,0.847826087,0.0,0.843137255,41.5,absent,absent,normal,normal,wound,wound,normal,normal|abnormal,open,TRUE
180.02,86.77,23.08,37.5,41.6,41.2,41.7,41.2,40.4,41.1,41.2,0,0,0.0,0.847826087,0.0,0.843137255,41.2,absent,absent,normal,normal,wound,wound,normal,normal|abnormal,open,TRUE
195.02,86.71,23.08,37.5,41.3,41.0,41.4,40.9,40.2,40.8,41.0,0,0,0.0,0.847826087,0.0,0.843137255,41.0,absent,absent,normal,normal,wound,wound,normal,normal|abnormal,open,TRUE
210.02,86.66,23.08,37.5,41.1,40.7,41.2,40.7,40.0,40.5,40.7,0,0,0.0,0.826086957,0.0,0.843137255,40.7,absent,absent,normal,normal,wound,wound,normal,normal|abnormal,open,TRUE
225.02,86.63,23.08,37.6,40.9,40.5,41.0,40.5,39.9,40.3,40.5,0,0,0.0,0.826086957,0.0,0.843137255,40.5,absent,absent,normal,normal,wound,wound,normal,normal|abnormal,open,TRUE
240.02,86.61,23.08,37.6,40.6,40.4,40.8,40.3,39.7,40.2,40.3,0,0,0.0,0.847826087,0.0,0.843137255,40.3,absent,absent,normal,normal,wound,wound,normal,normal|abnormal,open,TRUE
255.02,86.59,23.08,37.6,40.4,40.2,40.7,40.2,39.6,40.0,40.2,0,0,0.0,0.847826087,0.0,0.843137255,40.2,absent,absent,normal,normal,wound,wound,normal,normal|abnormal,open,TRUE
270.02,86.56,23.08,37.7,40.3,40.1,40.5,40.1,39.5,39.8,40.0,0,0,0.0,0.847826087,0.0,0.843137255,40.0,absent,absent,normal,normal,wound,wound,normal,normal|abnormal,open,TRUE
285.02,86.54,23.08,37.7,40.1,39.9,40.4,39.9,39.4,39.7,39.9,0,0,0.0,0.847826087,0.0,0.843137255,39.9,absent,absent,normal,normal,wound,wound,normal,normal|abnormal,open,TRUE
300.02,86.53,23.08,37.7,39.9,39.8,40.3,39.8,39.4,39.6,39.8,0,0,0.0,0.847826087,0.0,0.843137255,39.8,absent,absent,normal,normal,wound,wound,normal,normal|abnormal,open,TRUE
315.02,86.53,23.08,37.7,39.8,39.7,40.2,39.7,39.3,39.5,39.7,0,0,0.0,0.847826087,0.0,0.843137255,39.7,absent,absent,normal,normal,wound,wound,normal,normal|abnormal,open,TRUE
330.02,86.52,23.08,37.8,39.6,39.6,40.1,39.6,39.2,39.4,39.6,0,0,0.0,0.847826087,0.0,0.843137255,39.6,absent,absent,normal,normal,wound,wound,normal,normal|abnormal,open,TRUE
345.02,86.49,23.26,37.8,39.5,39.5,40.0,39.5,39.2,39.3,39.5,0,0,0.0,0.847826087,0.0,0.843137255,39.5,absent,absent,normal,normal,wound,wound,normal,normal|abnormal,open,TRUE
360.02,86.51,23.26,37.8,39.4,39.5,39.9,39.5,39.1,39.2,39.4,0,0,0.0,0.847826087,0.0,0.843137255,39.4,absent,absent,normal,normal,wound,wound,normal,normal|abnormal,open,TRUE
375.02,86.52,23.26,37.9,39.3,39.4,39.8,39.4,39.1,39.2,39.3,0,0,0.0,0.847826087,0.0,0.843137255,39.3,absent,absent,normal,normal,wound,wound,normal,normal|abnormal,open,TRUE
390.02,86.52,23.26,37.9,39.2,39.3,39.8,39.3,39.1,39.1,39.2,0,0,0.0,0.847826087,0.0,0.843137255,39.2,absent,absent,normal,normal,wound,wound,normal,normal|abnormal,open,TRUE
405.02,86.52,23.26,37.9,39.1,39.3,39.7,39.3,39.0,39.0,39.2,0,0,0.0,0.847826087,0.0,0.843137255,39.2,absent,absent,normal,normal,wound,wound,normal,normal|abnormal,open,TRUE
420.02,86.5,23.26,37.9,39.1,39.2,39.6,39.2,39.0,39.0,39.1,0,0,0.0,0.847826087,0.0,0.843137255,39.1,absent,absent,normal,normal,wound,wound,normal,normal|abnormal,open,TRUE
435.02,86.5,23.26,38.0,39.0,39.2,39.6,39.2,39.0,39.0,39.1,0,0,0.0,0.847826087,0.0,0.843137255,39.1,absent,absent,normal,normal,wound,wound,normal,normal|abnormal,open,TRUE
450.02,86.5,23.26,38.0,38.9,39.2,39.5,39.1,39.0,38.9,39.0,0,0,0.0,0.847826087,0.0,0.843137255,39.0,absent,absent,normal,normal,wound,wound,normal,normal|abnormal,open,TRUE
465.02,86.5,23.26,38.0,38.9,39.1,39.5,39.1,38.9,38.9,39.0,0,0,0.0,0.847826087,0.0,0.843137255,39.0,absent,absent,normal,normal,wound,wound,normal,normal|abnormal,open,TRUE
480.02,86.49,23.26,38.0,38.8,39.1,39.5,39.1,38.9,38.8,38.9,0,0,0.0,0.847826087,0.0,0.843137255,38.9,absent,absent,normal,normal,wound,wound,normal,normal|abnormal,open,TRUE
495.02,86.47,23.26,38.0,38.8,39.1,39.4,39.0,38.9,38.8,38.9,0,0,0.0,0.847826087,0.0,0.843137255,38.9,absent,absent,normal,normal,wound,wound,normal,normal|abnormal,open,TRUE
510.02,86.47,23.26,38.1,38.7,39.0,39.4,39.0,38.9,38.8,38.9,0,0,0.0,0.847826087,0.0,0.843137255,38.9,absent,absent,normal,normal,wound,wound,normal,normal|abnormal,open,TRUE
525.02,86.47,23.26,38.1,38.7,39.0,39.4,39.0,38.9,38.8,38.8,0,0,0.0,0.847826087,0.0,0.843137255,38.8,absent,absent,normal,normal,wound,wound,normal,normal|abnormal,open,TRUE
540.02,86.46,23.26,38.1,38.6,39.0,39.4,39.0,38.9,38.7,38.8,0,0,0.0,0.847826087,0.0,0.843137255,38.8,absent,absent,normal,normal,wound,wound,normal,normal|abnormal,open,TRUE
555.02,86.46,23.26,38.1,38.6,39.0,39.3,38.9,38.9,38.7,38.8,0,0,0.0,0.847826087,0.0,0.843137255,38.8,absent,absent,normal,normal,wound,wound,normal,normal|abnormal,open,TRUE
570.02,86.44,23.26,38.1,38.6,39.0,39.3,38.9,38.9,38.7,38.8,0,0,0.0,0.847826087,0.0,0.843137255,38.8,absent,absent,normal,normal,wound,wound,normal,normal|abnormal,open,TRUE
585.02,86.43,23.26,38.2,38.5,38.9,39.3,38.9,38.9,38.7,38.8,0,0,0.0,0.847826087,0.0,0.843137255,38.8,absent,absent,normal,normal,wound,wound,normal,normal|abnormal,open,TRUE
600.02,86.42,23.26,38.2,38.5,38.9,39.3,38.9,38.9,38.7,38.8,0,0,0.0,0.847826087,0.0,0.843137255,38.8,absent,absent,normal,normal,wound,wound,normal,normal|abnormal,open,TRUE
615.02,86.42,23.26,38.2,38.5,38.9,39.3,38.9,38.9,38.7,38.7,0,0,0.0,0.847826087,0.0,0.843137255,38.7,absent,absent,normal,normal,wound,wound,normal,normal|abnormal,open,TRUE
630.02,86.42,23.26,38.2,38.5,38.9,39.3,38.9,38.9,38.7,38.7,0,0,0.0,0.847826087,0.0,0.843137255,38.7,absent,absent,normal,normal,wound,wound,normal,normal|abnormal,open,TRUE
645.02,86.41,23.26,38.2,38.5,38.9,39.3,38.9,38.9,38.7,38.7,0,0,0.0,0.847826087,0.0,0.843137255,38.7,absent,absent,normal,normal,wound,wound,normal,normal|abnormal,open,TRUE
660.02,86.39,23.26,38.3,38.4,38.9,39.3,38.9,38.9,38.6,38.7,0,0,0.0,0.847826087,0.0,0.843137255,38.7,absent,absent,normal,normal,wound,wound,normal,normal|abnormal,open,TRUE
675.02,86.38,23.26,38.3,38.4,38.9,39.2,38.9,38.9,38.6,38.7,0,0,0.0,0.847826087,0.0,0.843137255,38.7,absent,absent,normal,normal,wound,wound,normal,normal|abnormal,open,TRUE
690.02,86.37,23.26,38.3,38.4,38.9,39.2,38.9,38.9,38.6,38.7,0,0,0.0,0.847826087,0.0,0.843137255,38.7,absent,absent,normal,normal,wound,wound,normal,normal|abnormal,open,TRUE
705.02,86.37,23.26,38.3,38.4,38.9,39.2,38.9,38.9,38.6,38.7,0,0,0.0,0.847826087,0.0,0.843137255,38.7,absent,absent,normal,normal,wound,wound,normal,normal|abnormal,open,TRUE
720.02,86.36,23.26,38.3,38.4,38.9,39.2,38.9,38.9,38.6,38.7,0,0,0.0,0.847826087,0.0,0.843137255,38.7,absent,absent,normal,normal,wound,wound,normal,normal|abnormal,open,TRUE
735.02,86.34,23.26,38.4,38.4,38.9,39.2,38.9,38.9,38.6,38.7,0,0,0.0,0.847826087,0.0,0.843137255,38.7,absent,absent,normal,normal,wound,wound,normal,normal|abnormal,open,TRUE
750.02,86.33,23.26,38.4,38.4,38.9,39.2,38.9,38.9,38.6,38.7,0,0,0.0,0.847826087,0.0,0.843137255,38.7,absent,absent,normal,normal,wound,wound,normal,normal|abnormal,open,TRUE
765.02,86.32,23.26,38.4,38.4,38.9,39.2,38.9,38.9,38.6,38.7,0,0,0.0,0.847826087,0.0,0.843137255,38.7,absent,absent,normal,normal,wound,wound,normal,normal|abnormal,open,TRUE
780.02,86.32,23.26,38.4,38.3,38.9,39.2,38.9,38.9,38.6,38.7,0,0,0.0,0.847826087,0.0,0.843137255,38.7,absent,absent,normal,normal,wound,wound,normal,normal|abnormal,open,TRUE
795.02,86.31,23.26,38.4,38.3,38.9,39.2,38.9,38.9,38.6,38.7,0,0,0.0,0.847826087,0.0,0.843137255,38.7,absent,absent,normal,normal,wound,wound,normal,normal|abnormal,open,TRUE
810.02,86.29,23.26,38.4,38.3,38.9,39.2,38.9,38.9,38.6,38.7,0,0,0.0,0.847826087,0.0,0.843137255,38.7,absent,absent,normal,normal,wound,wound,normal,normal|abnormal,open,TRUE
825.02,86.28,23.26,38.5,38.3,38.9,39.2,38.9,38.9,38.6,38.7,0,0,0.0,0.847826087,0.0,0.843137255,38.7,absent,absent,normal,normal,wound,wound,normal,normal|abnormal,open,TRUE
840.02,86.27,23.26,38.5,38.3,38.9,39.2,38.9,38.9,38.6,38.7,0,0,0.0,0.847826087,0.0,0.843137255,38.7,absent,absent,normal,normal,wound,wound,normal,normal|abnormal,open,TRUE
855.02,86.26,23.26,38.5,38.3,38.9,39.2,38.9,38.9,38.6,38.7,0,0,0.0,0.847826087,0.0,0.843137255,38.7,absent,absent,normal,normal,wound,wound,normal,normal|abnormal,open,TRUE
870.02,86.26,23.26,38.5,38.3,38.9,39.2,38.9,38.9,38.6,38.7,0,0,0.0,0.847826087,0.0,0.843137255,38.7,absent,absent,normal,normal,wound,wound,normal,normal|abnormal,open,TRUE
885.02,86.24,23.26,38.5,38.3,38.9,39.2,38.9,38.9,38.6,38.7,0,0,0.0,0.847826087,0.0,0.843137255,38.7,absent,absent,normal,normal,wound,wound,normal,normal|abnormal,open,TRUE
900.02,86.23,23.26,38.5,38.3,38.9,39.2,38.9,38.9,38.6,38.7,0,0,0.0,0.847826087,0.0,0.843137255,38.7,absent,absent,normal,normal,wound,wound,normal,normal|abnormal,open,TRUE
915.02,86.22,23.26,38.6,38.3,38.9,39.2,38.9,39.0,38.6,38.7,0,0,0.0,0.847826087,0.0,0.843137255,38.7,absent,absent,normal,normal,wound,wound,normal,normal|abnormal,open,TRUE
930.02,86.21,23.26,38.6,38.3,38.9,39.2,38.9,39.0,38.6,38.7,0,0,0.0,0.847826087,0.0,0.843137255,38.7,absent,absent,normal,normal,wound,wound,normal,normal|abnormal,open,TRUE
945.02,86.21,23.26,38.6,38.3,38.9,39.2,38.9,39.0,38.6,38.7,0,0,0.0,0.847826087,0.0,0.843137255,38.7,absent,absent,normal,normal,wound,wound,normal,normal|abnormal,open,TRUE
960.02,86.2,23.26,38.6,38.3,38.9,39.2,38.9,39.0,38.6,38.7,0,0,0.0,0.847826087,0.0,0.843137255,38.7,absent,absent,normal,normal,wound,wound,normal,normal|abnormal,open,TRUE
975.02,86.18,23.26,38.6,38.3,38.9,39.2,38.9,39.0,38.6,38.7,0,0,0.0,0.847826087,0.0,0.843137255,38.7,absent,absent,normal,normal,wound,wound,normal,normal|abnormal,open,TRUE
990.02,86.16,23.26,38.6,38.3,38.9,39.2,38.9,39.0,38.6,38.7,0,0,0.0,0.847826087,0.0,0.843137255,38.7,absent,absent,normal,normal,wound,wound,normal,normal|abnormal,open,TRUE
1005.02,86.15,23.26,38.7,38.3,38.9,39.2,38.9,39.0,38.6,38.7,0,0,0.0,0.847826087,0.0,0.843137255,38.7,absent,absent,normal,normal,wound,wound,normal,normal|abnormal,open,TRUE
1020.02,86.15,23.26,38.7,38.3,38.9,39.2,38.9,39.0,38.7,38.7,0,0,0.0,0.847826087,0.0,0.843137255,38.7,absent,absent,normal,normal,wound,wound,normal,normal|abnormal,open,TRUE
1035.02,86.13,23.26,38.7,38.3,38.9,39.2,38.9,39.0,38.7,38.7,0,0,0.0,0.847826087,0.0,0.843137255,38.7,absent,absent,normal,normal,wound,wound,normal,normal|abnormal,open,TRUE
1050.02,86.11,23.26,38.7,38.3,38.9,39.2,38.9,39.0,38.7,38.7,0,0,0.0,0.847826087,0.0,0.843137255,38.7,absent,absent,normal,normal,wound,wound,normal,normal|abnormal,open,TRUE
1065.02,86.1,23.26,38.7,38.3,38.9,39.3,38.9,39.0,38.7,38.7,0,0,0.0,0.847826087,0.0,0.843137255,38.7,absent,absent,normal,normal,wound,wound,normal,normal|abnormal,open,TRUE
1080.02,86.08,23.26,38.7,38.3,39.0,39.3,38.9,39.0,38.7,38.7,0,0,0.0,0.847826087,0.0,0.843137255,38.7,absent,absent,normal,normal,wound,wound,normal,normal|abnormal,open,TRUE
1095.02,86.08,23.26,38.7,38.3,39.0,39.3,38.9,39.1,38.7,38.7,0,0,0.0,0.847826087,0.0,0.843137255,38.7,absent,absent,normal,normal,wound,wound,normal,normal|abnormal,open,TRUE
1110.02,86.07,23.26,38.8,38.3,39.0,39.3,38.9,39.1,38.7,38.7,0,0,0.0,0.847826087,0.0,0.843137255,38.7,absent,absent,normal,normal,wound,wound,normal,normal|abnormal,open,TRUE
1125.02,86.05,23.26,38.8,38.3,39.0,39.3,38.9,39.1,38.7,38.7,0,0,0.0,0.847826087,0.0,0.843137255,38.7,absent,absent,normal,normal,wound,wound,normal,normal|abnormal,open,TRUE
1140.02,86.03,23.26,38.8,38.3,39.0,39.3,38.9,39.1,38.7,38.7,0,0,0.0,0.847826087,0.0,0.843137255,38.7,absent,absent,normal,normal,wound,wound,normal,normal|abnormal,open,TRUE
1155.02,86.01,23.26,38.8,38.3,39.0,39.3,38.9,39.1,38.7,38.7,0,0,0.0,0.847826087,0.0,0.843137255,38.7,absent,absent,normal,normal,wound,wound,normal,normal|abnormal,open,TRUE
1170.02,86.0,23.26,38.8,38.3,39.0,39.3,39.0,39.1,38.7,38.7,0,0,0.0,0.847826087,0.0,0.843137255,38.7,absent,absent,normal,normal,wound,wound,normal,normal|abnormal,open,TRUE
1185.02,85.99,23.26,38.8,38.3,39.0,39.3,39.0,39.1,38.7,38.7,0,0,0.0,0.847826087,0.0,0.843137255,38.7,absent,absent,normal,normal,wound,wound,normal,normal|abnormal,open,TRUE
1200.02,85.98,23.26,38.8,38.3,39.0,39.3,39.0,39.1,38.7,38.7,0,0,0.0,0.847826087,0.0,0.843137255,38.7,absent,absent,normal,normal,wound,wound,normal,normal|abnormal,open,TRUE
1215.02,85.96,23.26,38.9,38.3,39.0,39.3,39.0,39.1,38.7,38.7,0,0,0.0,0.847826087,0.0,0.843137255,38.7,absent,absent,normal,normal,wound,wound,normal,normal|abnormal,open,TRUE
1230.02,85.94,23.26,38.9,38.3,39.0,39.3,39.0,39.1,38.7,38.7,0,0,0.0,0.847826087,0.0,0.843137255,38.7,absent,absent,normal,normal,wound,wound,normal,normal|abnormal,open,TRUE
1245.02,85.92,23.26,38.9,38.3,39.0,39.3,39.0,39.1,38.7,38.7,0,0,0.0,0.847826087,0.0,0.843137255,38.7,absent,absent,normal,normal,wound,wound,normal,normal|abnormal,open,TRUE
1260.02,85.92,23.08,38.9,38.3,39.0,39.3,39.0,39.1,38.7,38.7,0,0,0.0,0.847826087,0.0,0.843137255,38.7,absent,absent,normal,normal,wound,wound,normal,normal|abnormal,open,TRUE
1275.02,85.89,23.26,38.9,38.3,39.0,39.3,39.0,39.2,38.7,38.7,0,0,0.0,0.847826087,0.0,0.843137255,38.7,absent,absent,normal,normal,wound,wound,normal,normal|abnormal,open,TRUE
1290.02,85.87,23.26,38.9,38.3,39.0,39.3,39.0,39.2,38.7,38.8,0,0,0.0,0.847826087,0.0,0.843137255,38.8,absent,absent,normal,normal,wound,wound,normal,normal|abnormal,open,TRUE
1305.02,85.86,23.26,38.9,38.3,39.0,39.3,39.0,39.2,38.7,38.8,0,0,0.0,0.847826087,0.0,0.843137255,38.8,absent,absent,normal,normal,wound,wound,normal,normal|abnormal,open,TRUE
1320.02,85.84,23.26,38.9,38.3,39.0,39.3,39.0,39.2,38.7,38.8,0,0,0.0,0.847826087,0.0,0.843137255,38.8,absent,absent,normal,normal,wound,wound,normal,normal|abnormal,open,TRUE
1335.02,85.84,23.26,39.0,38.3,39.0,39.3,39.0,39.2,38.7,38.8,0,0,0.0,0.847826087,0.0,0.843137255,38.8,absent,absent,normal,normal,wound,wound,normal,normal|abnormal,open,TRUE
1350.02,85.82,23.26,39.0,38.3,39.1,39.3,39.0,39.2,38.8,38.8,0,0,0.0,0.847826087,0.0,0.843137255,38.8,absent,absent,normal,normal,wound,wound,normal,normal|abnormal,open,TRUE
1365.02,85.81,23.26,39.0,38.3,39.1,39.3,39.0,39.2,38.8,38.8,0,0,0.0,0.847826087,0.0,0.843137255,38.8,absent,absent,normal,normal,wound,wound,normal,normal|abnormal,open,TRUE
1380.02,85.81,23.26,39.0,38.3,39.1,39.3,39.0,39.2,38.8,38.8,0,0,0.0,0.847826087,0.0,0.843137255,38.8,absent,absent,normal,normal,wound,wound,normal,normal|abnormal,open,TRUE
1395.02,85.82,23.26,39.0,38.3,39.1,39.3,39.0,39.2,38.8,38.8,0,0,0.0,0.847826087,0.0,0.843137255,38.8,absent,absent,normal,normal,wound,wound,normal,normal|abnormal,open,TRUE
1410.02,85.88,23.08,39.0,38.3,39.1,39.4,39.0,39.2,38.8,38.8,0,0,0.0,0.847826087,0.0,0.843137255,38.8,absent,absent,normal,normal,wound,wound,normal,normal|abnormal,open,TRUE
1425.02,85.91,23.08,39.0,38.3,39.1,39.4,39.1,39.2,38.8,38.8,0,0,0.0,0.847826087,0.0,0.843137255,38.8,absent,absent,normal,normal,wound,wound,normal,normal|abnormal,open,TRUE
1440.02,85.93,23.08,39.0,38.3,39.1,39.4,39.1,39.2,38.8,38.8,0,0,0.0,0.826086957,0.0,0.843137255,38.8,absent,absent,normal,normal,wound,wound,normal,normal|abnormal,open,TRUE
1455.02,85.95,23.08,39.1,38.3,39.1,39.4,39.1,39.2,38.8,38.8,0,0,0.0,0.826086957,0.0,0.843137255,38.8,absent,absent,normal,normal,wound,wound,normal,normal|abnormal,open,TRUE
1470.02,85.97,22.9,39.1,38.3,39.1,39.4,39.1,39.3,38.8,38.8,0,0,0.0,0.826086957,0.0,0.843137255,38.8,absent,absent,normal,normal,wound,wound,normal,normal|abnormal,open,TRUE
1485.02,85.96,22.9,39.1,38.3,39.1,39.4,39.1,39.3,38.8,38.8,0,0,0.0,0.826086957,0.0,0.823529412,38.8,absent,absent,normal,normal,wound,wound,normal,normal|abnormal,open,TRUE
1500.02,85.92,22.9,39.1,38.3,39.1,39.4,39.1,39.3,38.8,38.8,0,0,0.0,0.826086957,0.0,0.823529412,38.8,absent,absent,normal,normal,wound,wound,normal,normal|abnormal,open,TRUE
1515.02,85.86,22.9,39.1,38.3,39.1,39.4,39.1,39.3,38.8,38.8,0,0,0.0,0.826086957,0.0,0.823529412,38.8,absent,absent,normal,normal,wound,wound,normal,normal|abnormal,open,FALSE
1530.02,85.81,22.9,39.1,38.3,39.1,39.4,39.1,39.3,38.8,38.8,0,0,0.0,0.826086957,0.0,0.823529412,38.8,absent,absent,normal,normal,wound,wound,normal,normal|abnormal,open,FALSE
1545.02,85.77,22.9,39.1,38.3,39.1,39.4,39.1,39.3,38.8,38.8,0,0,0.0,0.826086957,0.0,0.823529412,38.8,absent,absent,normal,normal,wound,wound,normal,normal|abnormal,open,FALSE
1560.02,85.72,22.9,39.1,38.3,39.1,39.4,39.1,39.3,38.8,38.8,0,0,0.0,0.826086957,0.0,0.823529412,38.8,absent,absent,normal,normal,wound,wound,normal,normal|abnormal,open,FALSE
1575.02,85.79,22.9,39.1,38.3,39.1,39.4,39.1,39.3,38.8,38.8,0,0,0.0,0.826086957,0.0,0.843137255,38.8,absent,absent,normal,normal,wound,wound,normal,normal|abnormal,open,FALSE
1590.02,85.3,22.9,39.1,38.3,39.2,39.4,39.1,39.3,38.8,38.8,0,0,0.0,0.826086957,0.0,0.843137255,38.8,absent,absent,normal,normal,wound,wound,normal,normal|abnormal,open,FALSE
1605.02,85.33,23.08,39.2,38.3,39.2,39.4,39.1,39.3,38.8,38.8,0,0,0.0,0.826086957,0.0,0.843137255,38.8,absent,absent,normal,normal,wound,wound,normal,normal|abnormal,open,FALSE
1620.02,85.36,23.08,39.2,38.3,39.2,39.4,39.1,39.3,38.8,38.8,0,0,0.0,0.826086957,0.0,0.843137255,38.8,absent,absent,normal,normal,wound,wound,normal,normal|abnormal,open,FALSE
1635.02,85.4,22.9,39.2,38.3,39.2,39.4,39.1,39.3,38.8,38.8,0,0,0.0,0.826086957,0.0,0.843137255,38.8,absent,absent,normal,normal,wound,wound,normal,normal|abnormal,open,FALSE
1650.02,85.44,22.9,39.2,38.3,39.2,39.4,39.1,39.3,38.9,38.9,0,0,0.0,0.826086957,0.0,0.823529412,38.9,absent,absent,normal,normal,wound,wound,normal,normal|abnormal,open,FALSE
1665.02,85.44,22.9,39.2,38.3,39.2,39.4,39.1,39.3,38.9,38.9,0,0,0.0,0.826086957,0.0,0.823529412,38.9,absent,absent,normal,normal,wound,wound,normal,normal|abnormal,open,FALSE
1680.02,85.43,22.9,39.2,38.3,39.2,39.4,39.2,39.4,38.9,38.9,0,0,0.0,0.826086957,0.0,0.823529412,38.9,absent,absent,normal,normal,wound,wound,normal,normal|abnormal,open,FALSE
1695.02,85.42,22.9,39.2,38.3,39.2,39.4,39.2,39.4,38.9,38.9,0,0,0.0,0.826086957,0.0,0.823529412,38.9,absent,absent,normal,normal,wound,wound,normal,normal|abnormal,open,FALSE
1710.02,85.42,22.9,39.2,38.3,39.2,39.4,39.2,39.4,38.9,38.9,0,0,0.0,0.826086957,0.0,0.823529412,38.9,absent,absent,normal,normal,wound,wound,normal,normal|abnormal,open,FALSE
1725.02,85.39,22.9,39.2,38.3,39.2,39.4,39.2,39.4,38.9,38.9,0,0,0.0,0.826086957,0.0,0.823529412,38.9,absent,absent,normal,normal,wound,wound,normal,normal|abnormal,open,FALSE
1740.02,85.36,22.73,39.2,38.3,39.2,39.5,39.2,39.4,38.9,38.9,0,0,0.0,0.826086957,0.0,0.823529412,38.9,absent,absent,normal,normal,wound,wound,normal,normal|abnormal,open,FALSE
1755.02,85.31,22.9,39.3,38.3,39.2,39.5,39.2,39.4,38.9,38.9,0,0,0.0,0.826086957,0.0,0.823529412,38.9,absent,absent,normal,normal,wound,wound,normal,normal|abnormal,open,FALSE
1770.02,85.25,22.9,39.3,38.3,39.2,39.5,39.2,39.4,38.9,38.9,0,0,0.0,0.826086957,0.0,0.823529412,38.9,absent,absent,normal,normal,wound,wound,normal,normal|abnormal,open,FALSE
1785.02,85.21,22.9,39.3,38.3,39.2,39.5,39.2,39.4,38.9,38.9,0,0,0.0,0.826086957,0.0,0.823529412,38.9,absent,absent,normal,normal,wound,wound,normal,normal|abnormal,open,FALSE
1800.02,85.18,22.9,39.3,38.3,39.2,39.5,39.2,39.4,38.9,38.9,0,0,0.0,0.826086957,0.0,0.823529412,38.9,absent,absent,normal,normal,wound,wound,normal,normal|abnormal,open,FALSE
1815.02,85.16,22.9,39.3,38.3,39.2,39.5,39.2,39.4,38.9,38.9,0,0,0.0,0.826086957,0.0,0.843137255,38.9,absent,absent,normal,normal,wound,wound,normal,normal|abnormal,open,FALSE
1830.02,85.16,22.9,39.3,38.3,39.2,39.5,39.2,39.4,38.9,38.9,0,0,0.0,0.826086957,0.0,0.843137255,38.9,absent,absent,normal,normal,wound,wound,normal,normal|abnormal,open,FALSE
1845.02,85.18,23.08,39.3,38.3,39.2,39.5,39.2,39.4,38.9,38.9,0,0,0.0,0.826086957,0.0,0.843137255,38.9,absent,absent,normal,normal,wound,wound,normal,normal|abnormal,open,FALSE
1860.02,85.22,23.08,39.3,38.3,39.3,39.5,39.2,39.4,38.9,38.9,0,0,0.0,0.826086957,0.0,0.843137255,38.9,absent,absent,normal,normal,wound,wound,normal,normal|abnormal,open,FALSE
1875.02,85.27,22.9,39.3,38.3,39.3,39.5,39.2,39.4,38.9,38.9,0,0,0.0,0.826086957,0.0,0.823529412,38.9,absent,absent,normal,normal,wound,wound,normal,normal|abnormal,open,FALSE
1890.02,85.27,22.9,39.3,38.3,39.3,39.5,39.2,39.4,38.9,38.9,0,0,0.0,0.826086957,0.0,0.823529412,38.9,absent,absent,normal,normal,wound,wound,normal,normal|abnormal,open,FALSE
1905.02,85.29,22.9,39.3,38.3,39.3,39.5,39.2,39.5,38.9,38.9,0,0,0.0,0.826086957,0.0,0.823529412,38.9,absent,absent,normal,normal,wound,wound,normal,normal|abnormal,open,FALSE
1920.02,85.3,22.9,39.3,38.3,39.3,39.5,39.2,39.5,38.9,38.9,0,0,0.0,0.826086957,0.0,0.823529412,38.9,absent,absent,normal,normal,wound,wound,normal,normal|abnormal,open,FALSE
1935.02,85.31,22.9,39.4,38.3,39.3,39.5,39.2,39.5,38.9,38.9,0,0,0.0,0.826086957,0.0,0.823529412,38.9,absent,absent,normal,normal,wound,wound,normal,normal|abnormal,open,FALSE
1950.02,85.3,22.9,39.4,38.3,39.3,39.5,39.3,39.5,38.9,38.9,0,0,0.0,0.826086957,0.0,0.823529412,38.9,absent,absent,normal,normal,wound,wound,normal,normal|abnormal,open,FALSE
1965.02,85.28,22.73,39.4,38.3,39.3,39.5,39.3,39.5,38.9,38.9,0,0,0.0,0.826086957,0.0,0.803921569,38.9,absent,absent,normal,normal,wound,wound,normal,normal|abnormal,open,FALSE
1980.02,85.26,22.73,39.4,38.4,39.3,39.5,39.3,39.5,39.0,38.9,0,0,0.0,0.826086957,0.0,0.803921569,38.9,absent,absent,normal,normal,wound,wound,normal,normal|abnormal,open,FALSE
1995.02,85.22,22.73,39.4,38.4,39.3,39.5,39.3,39.5,39.0,38.9,0,0,0.0,0.826086957,0.0,0.803921569,38.9,absent,absent,normal,normal,wound,wound,normal,normal|abnormal,open,FALSE
2010.02,85.2,22.73,39.4,38.4,39.3,39.5,39.3,39.5,39.0,39.0,0,0,0.0,0.826086957,0.0,0.803921569,39.0,absent,absent,normal,normal,wound,wound,normal,normal|abnormal,open,FALSE
2025.02,85.19,22.73,39.4,38.4,39.3,39.5,39.3,39.5,39.0,39.0,0,0,0.0,0.826086957,0.0,0.823529412,39.0,absent,absent,normal,normal,wound,wound,normal,normal|abnormal,open,FALSE
2040.02,85.17,22.73,39.4,38.4,39.3,39.5,39.3,39.5,39.0,39.0,0,0,0.0,0.826086957,0.0,0.823529412,39.0,absent,absent,normal,normal,wound,wound,normal,normal|abnormal,open,FALSE
2055.02,85.14,22.9,39.4,38.4,39.3,39.5,39.3,39.5,39.0,39.0,0,0,0.0,0.826086957,0.0,0.823529412,39.0,absent,absent,normal,normal,wound,wound,normal,normal|abnormal,open,FALSE
2070.02,85.14,22.9,39.4,38.4,39.3,39.5,39.3,39.5,39.0,39.0,0,0,0.0,0.826086957,0.0,0.823529412,39.0,absent,absent,normal,normal,wound,wound,normal,normal|abnormal,open,FALSE
2085.02,85.12,22.9,39.4,38.4,39.3,39.5,39.3,39.5,39.0,39.0,0,0,0.0,0.826086957,0.0,0.823529412,39.0,absent,absent,normal,normal,wound,wound,normal,normal|abnormal,open,FALSE
2100.02,85.08,22.9,39.4,38.4,39.3,39.6,39.3,39.5,39.0,39.0,0,0,0.0,0.826086957,0.0,0.823529412,39.0,absent,absent,normal,normal,wound,wound,normal,normal|abnormal,open,FALSE
2115.02,85.04,22.9,39.4,38.4,39.3,39.6,39.3,39.5,39.0,39.0,0,0,0.0,0.826086957,0.0,0.823529412,39.0,absent,absent,normal,normal,wound,wound,normal,normal|abnormal,open,FALSE
2130.02,85.01,22.9,39.4,38.4,39.3,39.6,39.3,39.5,39.0,39.0,0,0,0.0,0.826086957,0.0,0.823529412,39.0,absent,absent,normal,normal,wound,wound,normal,normal|abnormal,open,FALSE
2145.02,84.99,22.9,39.5,38.4,39.4,39.6,39.3,39.5,39.0,39.0,0,0,0.0,0.826086957,0.0,0.843137255,39.0,absent,absent,normal,normal,wound,wound,normal,normal|abnormal,open,FALSE
2160.02,84.95,23.08,39.5,38.4,39.4,39.6,39.3,39.6,39.0,39.0,0,0,0.0,0.826086957,0.0,0.843137255,39.0,absent,absent,normal,normal,wound,wound,normal,normal|abnormal,open,FALSE
2175.02,84.98,23.08,39.5,38.4,39.4,39.6,39.3,39.6,39.0,39.0,0,0,0.0,0.826086957,0.0,0.843137255,39.0,absent,absent,normal,normal,wound,wound,normal,normal|abnormal,open,FALSE
2190.02,85.03,23.08,39.5,38.4,39.4,39.6,39.3,39.6,39.0,39.0,0,0,0.0,0.826086957,0.0,0.843137255,39.0,absent,absent,normal,normal,wound,wound,normal,normal|abnormal,open,FALSE
2205.02,85.07,23.08,39.5,38.4,39.4,39.6,39.3,39.6,39.0,39.0,0,0,0.0,0.826086957,0.0,0.843137255,39.0,absent,absent,normal,normal,wound,wound,normal,normal|abnormal,open,FALSE
2220.02,85.09,23.08,39.5,38.4,39.4,39.6,39.3,39.6,39.0,39.0,0,0,0.0,0.826086957,0.0,0.843137255,39.0,absent,absent,normal,normal,wound,wound,normal,normal|abnormal,open,FALSE
2235.02,85.13,22.9,39.5,38.4,39.4,39.6,39.3,39.6,39.0,39.0,0,0,0.0,0.826086957,0.0,0.823529412,39.0,absent,absent,normal,normal,wound,wound,normal,normal|abnormal,open,FALSE
2250.02,85.15,22.9,39.5,38.4,39.4,39.6,39.4,39.6,39.0,39.0,0,0,0.0,0.826086957,0.0,0.823529412,39.0,absent,absent,normal,normal,wound,wound,normal,normal|abnormal,open,FALSE
2265.02,85.15,22.9,39.5,38.4,39.4,39.6,39.4,39.6,39.0,39.0,0,0,0.0,0.826086957,0.0,0.823529412,39.0,absent,absent,normal,normal,wound,wound,normal,normal|abnormal,open,FALSE
2280.02,85.15,22.9,39.5,38.4,39.4,39.6,39.4,39.6,39.0,39.0,0,0,0.0,0.826086957,0.0,0.823529412,39.0,absent,absent,normal,normal,wound,wound,normal,normal|abnormal,open,FALSE
2295.02,85.16,22.9,39.5,38.4,39.4,39.6,39.4,39.6,39.0,39.0,0,0,0.0,0.826086957,0.0,0.823529412,39.0,absent,absent,normal,normal,wound,wound,normal,normal|abnormal,open,FALSE
2310.02,85.18,22.73,39.5,38.4,39.4,39.6,39.4,39.6,39.0,39.0,0,0,0.0,0.826086957,0.0,0.803921569,39.0,absent,absent,normal,normal,wound,wound,normal,normal|abnormal,open,FALSE
2325.02,85.15,22.73,39.5,38.4,39.4,39.6,39.4,39.6,39.0,39.0,0,0,0.0,0.826086957,0.0,0.803921569,39.0,absent,absent,normal,normal,wound,wound,normal,normal|abnormal,open,FALSE
2340.02,85.15,22.73,39.5,38.4,39.4,39.6,39.4,39.6,39.0,39.0,0,0,0.0,0.826086957,0.0,0.803921569,39.0,absent,absent,normal,normal,wound,wound,normal,normal|abnormal,open,FALSE
2355.02,85.14,22.73,39.5,38.4,39.4,39.6,39.4,39.6,39.1,39.0,0,0,0.0,0.826086957,0.0,0.803921569,39.0,absent,absent,normal,normal,wound,wound,normal,normal|abnormal,open,FALSE
2370.02,85.12,22.73,39.5,38.4,39.4,39.6,39.4,39.6,39.1,39.0,0,0,0.0,0.804347826,0.0,0.803921569,39.0,absent,absent,normal,normal,wound,wound,normal,normal|abnormal,open,FALSE
2385.02,85.1,22.73,39.5,38.4,39.4,39.6,39.4,39.6,39.1,39.0,0,0,0.0,0.804347826,0.0,0.803921569,39.0,absent,absent,normal,normal,wound,wound,normal,normal|abnormal,open,FALSE
2400.02,85.09,22.73,39.6,38.4,39.4,39.6,39.4,39.6,39.1,39.0,0,0,0.0,0.826086957,0.0,0.803921569,39.0,absent,absent,normal,normal,wound,wound,normal,normal|abnormal,open,FALSE
2415.02,85.07,22.73,39.6,38.4,39.4,39.6,39.4,39.6,39.1,39.0,0,0,0.0,0.826086957,0.0,0.803921569,39.0,absent,absent,normal,normal,wound,wound,normal,normal|abnormal,open,FALSE
2430.02,85.05,22.73,39.6,38.4,39.4,39.6,39.4,39.6,39.1,39.0,0,0,0.0,0.826086957,0.0,0.803921569,39.0,absent,absent,normal,normal,wound,wound,normal,normal|abnormal,open,FALSE
2445.02,85.04,22.73,39.6,38.4,39.4,39.6,39.4,39.6,39.1,39.1,0,0,0.0,0.826086957,0.0,0.803921569,39.1,absent,absent,normal,normal,wound,wound,normal,normal|abnormal,open,FALSE
2460.02,85.01,22.73,39.6,38.4,39.4,39.6,39.4,39.6,39.1,39.1,0,0,0.0,0.826086957,0.0,0.803921569,39.1,absent,absent,normal,normal,wound,wound,normal,normal|abnormal,open,FALSE
2475.02,84.99,22.73,39.6,38.4,39.5,39.6,39.4,39.6,39.1,39.1,0,0,0.0,0.826086957,0.0,0.823529412,39.1,absent,absent,normal,normal,wound,wound,normal,normal|abnormal,open,FALSE
2490.02,84.99,22.9,39.6,38.4,39.5,39.6,39.4,39.7,39.1,39.1,0,0,0.0,0.826086957,0.0,0.823529412,39.1,absent,absent,normal,normal,wound,wound,normal,normal|abnormal,open,FALSE
2505.02,85.0,22.9,39.6,38.4,39.5,39.6,39.4,39.7,39.1,39.1,0,0,0.0,0.826086957,0.0,0.823529412,39.1,absent,absent,normal,normal,wound,wound,normal,normal|abnormal,open,FALSE
2520.02,84.99,22.9,39.6,38.4,39.5,39.6,39.4,39.7,39.1,39.1,0,0,0.0,0.826086957,0.0,0.823529412,39.1,absent,absent,normal,normal,wound,wound,normal,normal|abnormal,open,FALSE
2535.02,84.99,22.9,39.6,38.4,39.5,39.7,39.4,39.7,39.1,39.1,0,0,0.0,0.826086957,0.0,0.823529412,39.1,absent,absent,normal,normal,wound,wound,normal,normal|abnormal,open,FALSE
2550.02,85.0,22.9,39.6,38.4,39.5,39.7,39.4,39.7,39.1,39.1,0,0,0.0,0.826086957,0.0,0.823529412,39.1,absent,absent,normal,normal,wound,wound,normal,normal|abnormal,open,FALSE
2565.02,84.99,22.9,39.6,38.4,39.5,39.7,39.4,39.7,39.1,39.1,0,0,0.0,0.826086957,0.0,0.823529412,39.1,absent,absent,normal,normal,wound,wound,normal,normal|abnormal,open,FALSE
2580.02,84.97,22.9,39.6,38.4,39.5,39.7,39.4,39.7,39.1,39.1,0,0,0.0,0.826086957,0.0,0.823529412,39.1,absent,absent,normal,normal,wound,wound,normal,normal|abnormal,open,FALSE
2595.02,84.96,22.9,39.6,38.4,39.5,39.7,39.4,39.7,39.1,39.1,0,0,0.0,0.826086957,0.0,0.823529412,39.1,absent,absent,normal,normal,wound,wound,normal,normal|abnormal,open,FALSE
2610.02,84.94,22.9,39.6,38.4,39.5,39.7,39.5,39.7,39.1,39.1,0,0,0.0,0.826086957,0.0,0.823529412,39.1,absent,absent,normal,normal,wound,wound,normal,normal|abnormal,open,FALSE
2625.02,84.9,22.9,39.6,38.4,39.5,39.7,39.5,39.7,39.1,39.1,0,0,0.0,0.826086957,0.0,0.823529412,39.1,absent,absent,normal,normal,wound,wound,normal,normal|abnormal,open,FALSE
2640.02,84.87,22.9,39.6,38.4,39.5,39.7,39.5,39.7,39.1,39.1,0,0,0.0,0.826086957,0.0,0.823529412,39.1,absent,absent,normal,normal,wound,wound,normal,normal|abnormal,open,FALSE
2655.02,84.85,22.9,39.6,38.4,39.5,39.7,39.5,39.7,39.1,39.1,0,0,0.0,0.826086957,0.0,0.843137255,39.1,absent,absent,normal,normal,wound,wound,normal,normal|abnormal,open,FALSE
2670.02,84.82,23.08,39.6,38.4,39.5,39.7,39.5,39.7,39.1,39.1,0,0,0.0,0.826086957,0.0,0.843137255,39.1,absent,absent,normal,normal,wound,wound,normal,normal|abnormal,open,FALSE
2685.02,84.82,23.08,39.6,38.4,39.5,39.7,39.5,39.7,39.1,39.1,0,0,0.0,0.826086957,0.0,0.843137255,39.1,absent,absent,normal,normal,wound,wound,normal,normal|abnormal,open,FALSE
2700.02,84.85,23.08,39.7,38.4,39.5,39.7,39.5,39.7,39.1,39.1,0,0,0.0,0.826086957,0.0,0.843137255,39.1,absent,absent,normal,normal,wound,wound,normal,normal|abnormal,open,FALSE
2715.02,84.9,23.08,39.7,38.4,39.5,39.7,39.5,39.7,39.1,39.1,0,0,0.0,0.826086957,0.0,0.843137255,39.1,absent,absent,normal,normal,wound,wound,normal,normal|abnormal,open,FALSE
2730.02,84.94,23.08,39.7,38.4,39.5,39.7,39.5,39.7,39.1,39.1,0,0,0.0,0.826086957,0.0,0.843137255,39.1,absent,absent,normal,normal,wound,wound,normal,normal|abnormal,open,FALSE
2745.02,84.97,23.08,39.7,38.4,39.5,39.7,39.5,39.7,39.1,39.1,0,0,0.0,0.826086957,0.0,0.843137255,39.1,absent,absent,normal,normal,wound,wound,normal,normal|abnormal,open,FALSE
2760.02,85.0,22.9,39.7,38.4,39.5,39.7,39.5,39.7,39.1,39.1,0,0,0.0,0.826086957,0.0,0.843137255,39.1,absent,absent,normal,normal,wound,wound,normal,normal|abnormal,open,FALSE
2775.02,85.02,22.9,39.7,38.4,39.5,39.7,39.5,39.7,39.1,39.1,0,0,0.0,0.826086957,0.0,0.823529412,39.1,absent,absent,normal,normal,wound,wound,normal,normal|abnormal,open,FALSE
2790.02,85.03,22.9,39.7,38.4,39.5,39.7,39.5,39.7,39.1,39.1,0,0,0.0,0.826086957,0.0,0.823529412,39.1,absent,absent,normal,normal,wound,wound,normal,normal|abnormal,open,FALSE
2805.02,85.03,22.9,39.7,38.4,39.5,39.7,39.5,39.7,39.2,39.1,0,0,0.0,0.826086957,0.0,0.823529412,39.1,absent,absent,normal,normal,wound,wound,normal,normal|abnormal,open,FALSE
2820.02,85.04,22.9,39.7,38.5,39.5,39.7,39.5,39.7,39.2,39.1,0,0,0.0,0.826086957,0.0,0.823529412,39.1,absent,absent,normal,normal,wound,wound,normal,normal|abnormal,open,FALSE
2835.02,85.06,22.73,39.7,38.5,39.5,39.7,39.5,39.7,39.2,39.1,0,0,0.0,0.826086957,0.0,0.823529412,39.1,absent,absent,normal,normal,wound,wound,normal,normal|abnormal,open,FALSE
2850.02,85.05,22.73,39.7,38.5,39.5,39.7,39.5,39.7,39.2,39.1,0,0,0.0,0.826086957,0.0,0.803921569,39.1,absent,absent,normal,normal,wound,wound,normal,normal|abnormal,open,FALSE
2865.02,85.03,22.73,39.7,38.5,39.5,39.7,39.5,39.7,39.2,39.1,0,0,0.0,0.826086957,0.0,0.803921569,39.1,absent,absent,normal,normal,wound,wound,normal,normal|abnormal,open,FALSE
2880.02,85.04,22.73,39.7,38.5,39.6,39.7,39.5,39.7,39.2,39.1,0,0,0.0,0.826086957,0.0,0.803921569,39.1,absent,absent,normal,normal,wound,wound,normal,normal|abnormal,open,FALSE
2895.02,85.03,22.73,39.7,38.5,39.6,39.7,39.5,39.7,39.2,39.1,0,0,0.0,0.826086957,0.0,0.803921569,39.1,absent,absent,normal,normal,wound,wound,normal,normal|abnormal,open,FALSE
2910.02,85.01,22.73,39.7,38.5,39.6,39.7,39.5,39.7,39.2,39.1,0,0,0.0,0.826086957,0.0,0.803921569,39.1,absent,absent,normal,normal,wound,wound,normal,normal|abnormal,open,FALSE
2925.02,85.01,22.73,39.7,38.5,39.6,39.7,39.5,39.8,39.2,39.1,0,0,0.0,0.826086957,0.0,0.803921569,39.1,absent,absent,normal,normal,wound,wound,normal,normal|abnormal,open,FALSE
2940.02,84.99,22.73,39.7,38.5,39.6,39.7,39.5,39.8,39.2,39.1,0,0,0.0,0.826086957,0.0,0.803921569,39.1,absent,absent,normal,normal,wound,wound,normal,normal|abnormal,open,FALSE
2955.02,84.97,22.73,39.7,38.5,39.6,39.7,39.5,39.8,39.2,39.1,0,0,0.0,0.826086957,0.0,0.803921569,39.1,absent,absent,normal,normal,wound,wound,normal,normal|abnormal,open,FALSE
2970.02,84.96,22.73,39.7,38.5,39.6,39.7,39.5,39.8,39.2,39.1,0,0,0.0,0.826086957,0.0,0.803921569,39.1,absent,absent,normal,normal,wound,wound,normal,normal|abnormal,open,FALSE
2985.02,84.94,22.73,39.7,38.5,39.6,39.7,39.5,39.8,39.2,39.1,0,0,0.0,0.826086957,0.0,0.823529412,39.1,absent,absent,normal,normal,wound,wound,normal,normal|abnormal,open,FALSE
3000.02,84.92,22.73,39.7,38.5,39.6,39.7,39.5,39.8,39.2,39.1,0,0,0.0,0.826086957,0.0,0.823529412,39.1,absent,absent,normal,normal,wound,wound,normal,normal|abnormal,open,FALSE
3015.02,84.92,22.9,39.7,38.5,39.6,39.7,39.5,39.8,39.2,39.2,0,0,0.0,0.826086957,0.0,0.823529412,39.2,absent,absent,normal,normal,wound,wound,normal,normal|abnormal,open,FALSE
3030.02,84.93,22.9,39.7,38.5,39.6,39.7,39.5,39.8,39.2,39.2,0,0,0.0,0.826086957,0.0,0.823529412,39.2,absent,absent,normal,normal,wound,wound,normal,normal|abnormal,open,FALSE
3045.02,84.93,22.9,39.7,38.5,39.6,39.7,39.5,39.8,39.2,39.2,0,0,0.0,0.826086957,0.0,0.823529412,39.2,absent,absent,normal,normal,wound,wound,normal,normal|abnormal,open,FALSE
3060.02,84.93,22.9,39.7,38.5,39.6,39.7,39.6,39.8,39.2,39.2,0,0,0.0,0.826086957,0.0,0.823529412,39.2,absent,absent,normal,normal,wound,wound,normal,normal|abnormal,open,FALSE
3075.02,84.93,22.9,39.7,38.5,39.6,39.7,39.6,39.8,39.2,39.2,0,0,0.0,0.826086957,0.0,0.823529412,39.2,absent,absent,normal,normal,wound,wound,normal,normal|abnormal,open,FALSE
3090.02,84.93,22.9,39.7,38.5,39.6,39.7,39.6,39.8,39.2,39.2,0,0,0.0,0.826086957,0.0,0.823529412,39.2,absent,absent,normal,normal,wound,wound,normal,normal|abnormal,open,FALSE
3105.02,84.92,22.9,39.7,38.5,39.6,39.7,39.6,39.8,39.2,39.2,0,0,0.0,0.826086957,0.0,0.823529412,39.2,absent,absent,normal,normal,wound,wound,normal,normal|abnormal,open,FALSE
3120.02,84.92,22.9,39.8,38.5,39.6,39.7,39.6,39.8,39.2,39.2,0,0,0.0,0.826086957,0.0,0.823529412,39.2,absent,absent,normal,normal,wound,wound,normal,normal|abnormal,open,FALSE
3135.02,84.93,22.9,39.8,38.5,39.6,39.7,39.6,39.8,39.2,39.2,0,0,0.0,0.826086957,0.0,0.823529412,39.2,absent,absent,normal,normal,wound,wound,normal,normal|abnormal,open,FALSE
3150.02,84.92,22.9,39.8,38.5,39.6,39.7,39.6,39.8,39.2,39.2,0,0,0.0,0.826086957,0.0,0.823529412,39.2,absent,absent,normal,normal,wound,wound,normal,normal|abnormal,open,FALSE
3165.02,84.9,22.9,39.8,38.5,39.6,39.8,39.6,39.8,39.2,39.2,0,0,0.0,0.826086957,0.0,0.823529412,39.2,absent,absent,normal,normal,wound,wound,normal,normal|abnormal,open,FALSE
3180.02,84.88,22.9,39.8,38.5,39.6,39.8,39.6,39.8,39.2,39.2,0,0,0.0,0.826086957,0.0,0.823529412,39.2,absent,absent,normal,normal,wound,wound,normal,normal|abnormal,open,FALSE
3195.02,84.86,22.9,39.8,38.5,39.6,39.8,39.6,39.8,39.2,39.2,0,0,0.0,0.826086957,0.0,0.843137255,39.2,absent,absent,normal,normal,wound,wound,normal,normal|abnormal,open,FALSE
3210.02,84.82,22.9,39.8,38.5,39.6,39.8,39.6,39.8,39.2,39.2,0,0,0.0,0.826086957,0.0,0.843137255,39.2,absent,absent,normal,normal,wound,wound,normal,normal|abnormal,open,FALSE
3225.02,84.78,23.08,39.8,38.5,39.6,39.8,39.6,39.8,39.2,39.2,0,0,0.0,0.826086957,0.0,0.843137255,39.2,absent,absent,normal,normal,wound,wound,normal,normal|abnormal,open,FALSE
3240.02,84.79,23.08,39.8,38.5,39.6,39.8,39.6,39.8,39.2,39.2,0,0,0.0,0.826086957,0.0,0.843137255,39.2,absent,absent,normal,normal,wound,wound,normal,normal|abnormal,open,FALSE
3255.02,84.82,23.08,39.8,38.5,39.6,39.8,39.6,39.8,39.2,39.2,0,0,0.0,0.826086957,0.0,0.843137255,39.2,absent,absent,normal,normal,wound,wound,normal,normal|abnormal,open,FALSE
3270.02,84.85,23.08,39.8,38.5,39.6,39.8,39.6,39.8,39.2,39.2,0,0,0.0,0.826086957,0.0,0.843137255,39.2,absent,absent,normal,normal,wound,wound,normal,normal|abnormal,open,FALSE
3285.02,84.89,23.08,39.8,38.5,39.6,39.8,39.6,39.8,39.2,39.2,0,0,0.0,0.826086957,0.0,0.843137255,39.2,absent,absent,normal,normal,wound,wound,normal,normal|abnormal,open,FALSE
3300.02,84.94,23.08,39.8,38.5,39.6,39.8,39.6,39.8,39.2,39.2,0,0,0.0,0.826086957,0.0,0.843137255,39.2,absent,absent,normal,normal,wound,wound,normal,normal|abnormal,open,FALSE
3315.02,84.98,23.08,39.8,38.5,39.6,39.8,39.6,39.8,39.2,39.2,0,0,0.0,0.826086957,0.0,0.843137255,39.2,absent,absent,normal,normal,wound,wound,normal,normal|abnormal,open,FALSE
3330.02,85.0,22.9,39.8,38.5,39.6,39.8,39.6,39.8,39.2,39.2,0,0,0.0,0.826086957,0.0,0.823529412,39.2,absent,absent,normal,normal,wound,wound,normal,normal|abnormal,open,FALSE
3345.02,85.01,22.9,39.8,38.5,39.6,39.8,39.6,39.8,39.2,39.2,0,0,0.0,0.826086957,0.0,0.823529412,39.2,absent,absent,normal,normal,wound,wound,normal,normal|abnormal,open,FALSE
3360.02,85.02,22.9,39.8,38.5,39.6,39.8,39.6,39.8,39.2,39.2,0,0,0.0,0.826086957,0.0,0.823529412,39.2,absent,absent,normal,normal,wound,wound,normal,normal|abnormal,open,FALSE
3375.02,85.04,22.9,39.8,38.5,39.6,39.8,39.6,39.8,39.2,39.2,0,0,0.0,0.826086957,0.0,0.823529412,39.2,absent,absent,normal,normal,wound,wound,normal,normal|abnormal,open,FALSE
3390.02,85.04,22.9,39.8,38.5,39.6,39.8,39.6,39.8,39.2,39.2,0,0,0.0,0.826086957,0.0,0.823529412,39.2,absent,absent,normal,normal,wound,wound,normal,normal|abnormal,open,FALSE
3405.02,85.05,22.73,39.8,38.5,39.7,39.8,39.6,39.8,39.2,39.2,0,0,0.0,0.826086957,0.0,0.823529412,39.2,absent,absent,normal,normal,wound,wound,normal,normal|abnormal,open,FALSE
3420.02,85.05,22.73,39.8,38.5,39.7,39.8,39.6,39.8,39.2,39.2,0,0,0.0,0.826086957,0.0,0.803921569,39.2,absent,absent,normal,normal,wound,wound,normal,normal|abnormal,open,FALSE
3435.02,85.04,22.73,39.8,38.5,39.7,39.8,39.6,39.8,39.2,39.2,0,0,0.0,0.826086957,0.0,0.803921569,39.2,absent,absent,normal,normal,wound,wound,normal,normal|abnormal,open,FALSE
3450.02,85.03,22.73,39.8,38.5,39.7,39.8,39.6,39.8,39.3,39.2,0,0,0.0,0.826086957,0.0,0.803921569,39.2,absent,absent,normal,normal,wound,wound,normal,normal|abnormal,open,FALSE
3465.02,85.04,22.73,39.8,38.5,39.7,39.8,39.6,39.8,39.3,39.2,0,0,0.0,0.826086957,0.0,0.803921569,39.2,absent,absent,normal,normal,wound,wound,normal,normal|abnormal,open,FALSE
3480.02,85.04,22.73,39.8,38.5,39.7,39.8,39.6,39.8,39.3,39.2,0,0,0.0,0.826086957,0.0,0.803921569,39.2,absent,absent,normal,normal,wound,wound,normal,normal|abnormal,open,FALSE
3495.02,85.02,22.73,39.8,38.5,39.7,39.8,39.6,39.8,39.3,39.2,0,0,0.0,0.826086957,0.0,0.803921569,39.2,absent,absent,normal,normal,wound,wound,normal,normal|abnormal,open,FALSE
3510.02,85.02,22.73,39.8,38.5,39.7,39.8,39.6,39.8,39.3,39.2,0,0,0.0,0.826086957,0.0,0.803921569,39.2,absent,absent,normal,normal,wound,wound,normal,normal|abnormal,open,FALSE
3525.02,85.0,22.73,39.8,38.5,39.7,39.8,39.6,39.8,39.3,39.2,0,0,0.0,0.826086957,0.0,0.803921569,39.2,absent,absent,normal,normal,wound,wound,normal,normal|abnormal,open,FALSE
3540.02,84.98,22.73,39.8,38.5,39.7,39.8,39.6,39.8,39.3,39.2,0,0,0.0,0.826086957,0.0,0.803921569,39.2,absent,absent,normal,normal,wound,wound,normal,normal|abnormal,open,FALSE
3555.02,84.98,22.73,39.8,38.5,39.7,39.8,39.6,39.8,39.3,39.2,0,0,0.0,0.826086957,0.0,0.823529412,39.2,absent,absent,normal,normal,wound,wound,normal,normal|abnormal,open,FALSE
3570.02,84.97,22.73,39.8,38.5,39.7,39.8,39.6,39.8,39.3,39.2,0,0,0.0,0.826086957,0.0,0.823529412,39.2,absent,absent,normal,normal,wound,wound,normal,normal|abnormal,open,FALSE
3585.02,84.95,22.9,39.8,38.5,39.7,39.8,39.6,39.8,39.3,39.2,0,0,0.0,0.826086957,0.0,0.823529412,39.2,absent,absent,normal,normal,wound,wound,normal,normal|abnormal,open,FALSE
3600.02,84.96,22.9,39.8,38.5,39.7,39.8,39.6,39.8,39.3,39.2,0,0,0.304347826,0.304347826,0.294117647,0.294117647,39.2,absent,absent,normal,normal,wound,wound,normal,normal|abnormal,open,FALSE
